customer_id,name,country,signup_date,risk_profile_seed
CUST000000,Allison Hill,PK,2024-03-08,0
CUST000001,Megan Mcclain,DE,2023-10-23,1
CUST000002,Allen Robinson,US,2024-12-17,0
CUST000003,Cristian Santos,CN,2025-01-26,0
CUST000004,Kevin Pacheco,NL,2023-08-03,0
CUST000005,Melissa Peterson,US,2023-12-31,0
CUST000006,Gabrielle Davis,CN,2023-11-02,0
CUST000007,Lindsey Roman,CN,2025-07-31,0
CUST000008,Valerie Gray,CN,2025-02-02,0
CUST000009,Lisa Hensley,IN,2025-02-27,0
CUST000010,Amber Perez,PK,2024-05-14,0
CUST000011,David Garcia,GB,2024-05-02,1
CUST000012,Holly Wood,FR,2024-02-23,0
CUST000013,Timothy Wong,DE,2025-03-31,0
CUST000014,Nicholas Martin,FR,2024-08-12,0
CUST000015,Margaret Hawkins DDS,NL,2025-11-21,0
CUST000016,Crystal Johnson,FR,2024-06-09,0
CUST000017,Daniel Hahn,PK,2025-12-25,0
CUST000018,Matthew Foster,CN,2026-02-02,0
CUST000019,Derek Wright,NL,2025-02-11,0
CUST000020,Kevin Hurst,AE,2024-09-01,0
CUST000021,Zachary Hicks,SA,2023-10-27,0
CUST000022,Brian Burton,FR,2025-10-01,0
CUST000023,Arthur James,US,2026-04-25,0
CUST000024,Tricia Valencia,DE,2023-08-08,0
CUST000025,Melanie Herrera,US,2024-04-21,0
CUST000026,Ashley Graham,US,2024-10-26,0
CUST000027,Sherri Baker,IN,2024-12-12,0
CUST000028,Thomas Harrell,FR,2024-05-23,0
CUST000029,Lisa Hernandez,FR,2025-09-02,0
CUST000030,Paula Moreno,AE,2023-07-28,0
CUST000031,Alec Hickman,US,2025-12-27,0
CUST000032,Elizabeth Brown,GB,2025-12-27,0
CUST000033,Angelica Tucker,DE,2023-10-05,0
CUST000034,Pamela Anderson,NL,2024-11-17,1
CUST000035,Deborah Brennan,CN,2024-09-25,0
CUST000036,Joshua Blair,FR,2024-02-15,0
CUST000037,Zachary Santos,PK,2024-10-10,0
CUST000038,Barbara Walker,PK,2024-07-02,0
CUST000039,Crystal Robinson,NL,2023-10-07,0
CUST000040,Crystal Whitehead,DE,2025-12-08,0
CUST000041,David Caldwell,SA,2024-02-28,0
CUST000042,Timothy Duncan,FR,2024-11-14,0
CUST000043,Rhonda Lee,IN,2023-11-02,0
CUST000044,Jeff Owens,IN,2025-07-30,0
CUST000045,Victoria Garcia,GB,2024-09-05,0
CUST000046,Scott Wright,CN,2024-02-04,0
CUST000047,Javier Ramirez,SA,2024-04-04,0
CUST000048,Jessica Callahan,SA,2025-01-31,0
CUST000049,Zachary Huff,DE,2026-03-28,0
CUST000050,Sarah Martin,GB,2024-11-27,1
CUST000051,James Brown,US,2024-08-12,0
CUST000052,Mrs. Rachel Gibson,US,2024-09-25,0
CUST000053,Whitney Peters,GB,2025-07-19,0
CUST000054,Edward Novak,NL,2025-03-01,0
CUST000055,Nicole Brown,NL,2025-03-06,0
CUST000056,Sarah Moore,IN,2026-03-20,0
CUST000057,Cody Larson,CN,2025-06-06,0
CUST000058,Bryan Zamora,PK,2024-03-31,0
CUST000059,Lisa Barnes,US,2025-03-06,0
CUST000060,Taylor Harris,CN,2025-07-17,0
CUST000061,James Powers,FR,2024-05-24,0
CUST000062,Paul Jones,NL,2024-10-31,0
CUST000063,Dr. Angel Lewis MD,PK,2026-02-20,0
CUST000064,Sherry Wood,AE,2024-01-02,0
CUST000065,Michele Carr,GB,2026-04-16,0
CUST000066,Aimee Montoya,US,2024-05-24,0
CUST000067,Teresa Taylor,AE,2023-11-21,0
CUST000068,Juan Nelson,CN,2025-03-27,0
CUST000069,Christina Walters,GB,2024-04-18,1
CUST000070,Taylor Mathis Jr.,GB,2024-09-26,0
CUST000071,Aaron Wise,CN,2025-04-28,0
CUST000072,Patrick Arnold,SA,2024-09-30,0
CUST000073,Benjamin Ware,PK,2026-01-22,0
CUST000074,Sandra Aguilar,FR,2023-12-23,0
CUST000075,Eric Nolan,AE,2025-10-05,0
CUST000076,Stephanie Clark,DE,2024-04-04,0
CUST000077,Richard Henson,US,2024-09-08,0
CUST000078,Brittany Spears,IN,2025-12-13,0
CUST000079,Rita Keith,CN,2023-08-21,0
CUST000080,Evelyn Galvan,GB,2025-10-12,0
CUST000081,Rita Adams,CN,2025-09-27,0
CUST000082,Shane Garrison,CN,2024-03-07,0
CUST000083,Julia Torres,NL,2025-10-05,0
CUST000084,Alexander Lee,CN,2024-06-22,0
CUST000085,Tracy Ramirez,DE,2025-05-03,0
CUST000086,William Herrera,NL,2026-02-26,0
CUST000087,Wesley White,FR,2026-03-22,0
CUST000088,Brian Hamilton,CN,2025-07-29,0
CUST000089,Larry Dixon,DE,2024-08-18,0
CUST000090,Dawn Fletcher,FR,2023-07-29,0
CUST000091,Kimberly Ball,CN,2025-08-12,0
CUST000092,Helen Jones,DE,2025-05-26,0
CUST000093,,PK,2025-07-21,0
CUST000094,Eric Ortiz,PK,2024-09-04,0
CUST000095,Cameron Fisher,US,2026-02-28,0
CUST000096,Stephanie Gilbert,AE,2024-05-25,0
CUST000097,April Mitchell,DE,2024-10-02,0
CUST000098,Mary Marshall,SA,2024-10-14,0
CUST000099,John Santana,DE,2025-10-05,0
CUST000100,Bradley Robertson,NL,2025-04-24,0
CUST000101,Robert Potter,US,2025-06-03,0
CUST000102,Curtis Johnson,FR,2024-03-30,0
CUST000103,Samuel Jones,IN,2024-09-16,0
CUST000104,Cheyenne Horton,PK,2024-12-06,0
CUST000105,Matthew Smith,US,2025-08-21,0
CUST000106,Ashley Coleman,FR,2024-01-20,0
CUST000107,Kelly Williams,US,2024-04-03,0
CUST000108,Joyce Solis,DE,2025-05-29,0
CUST000109,Linda Dodson DVM,GB,2025-04-04,0
CUST000110,Kathy Rivas,AE,2025-01-29,0
CUST000111,Natasha Wells,US,2024-04-13,0
CUST000112,Mark Cannon,CN,2025-01-02,0
CUST000113,Denise Jones,CN,2024-05-10,0
CUST000114,Francisco Fernandez,US,2023-12-14,0
CUST000115,Michael Mccarthy,DE,2023-09-30,0
CUST000116,Joshua Perry,IN,2024-02-21,0
CUST000117,Taylor Silva,NL,2025-06-26,0
CUST000118,Pamela James,GB,2023-08-02,0
CUST000119,Paul Castaneda,NL,2026-03-13,0
CUST000120,Paul Payne,IN,2025-03-25,0
CUST000121,Daniel Graham,CN,2023-08-26,0
CUST000122,Michael Powell,IN,2024-01-10,0
CUST000123,Cameron Dean,AE,2023-08-24,0
CUST000124,Justin Johnson,PK,2025-05-04,0
CUST000125,Joel Williams,CN,2024-08-12,0
CUST000126,Gabriel Juarez,FR,2024-08-12,0
CUST000127,Sandra King,SA,2023-10-18,0
CUST000128,Joshua Cooke,CN,2024-07-14,0
CUST000129,Rachael Pearson,CN,2025-08-24,0
CUST000130,Christina Smith,GB,2023-12-28,0
CUST000131,Michael Elliott,US,2024-03-03,0
CUST000132,Pamela Jackson,DE,2025-03-29,0
CUST000133,Ashley Weiss,SA,2026-03-24,0
CUST000134,Alexander Collins,SA,2025-06-08,0
CUST000135,Jennifer Espinoza,US,2023-10-12,0
CUST000136,Lori Garcia,SA,2025-09-12,0
CUST000137,Lindsay Martinez,FR,2026-04-12,0
CUST000138,Hannah Patterson,DE,2024-08-03,0
CUST000139,Gloria Atkinson,FR,2025-11-01,1
CUST000140,Tyler Reid,NL,2025-11-07,1
CUST000141,Jessica Gross,AE,2026-03-25,0
CUST000142,Robert Medina,US,2024-11-25,0
CUST000143,,SA,2025-11-30,0
CUST000144,Angelica Keith,US,2024-03-29,0
CUST000145,Leonard Gray,DE,2023-08-25,0
CUST000146,Catherine Lewis,GB,2025-10-07,0
CUST000147,Spencer Haynes,US,2024-04-30,0
CUST000148,Travis Miller,FR,2025-07-21,0
CUST000149,Peter Vaughn DDS,IN,2024-12-02,0
CUST000150,Anna Walker,AE,2025-06-22,0
CUST000151,Kevin Kennedy,CN,2025-01-12,0
CUST000152,,CN,2025-07-04,0
CUST000153,David Martinez,US,2024-02-06,0
CUST000154,Joshua Gill,GB,2024-01-30,1
CUST000155,John Hardy,US,2026-04-05,0
CUST000156,Diane Garcia,GB,2024-02-08,0
CUST000157,Christopher Smith,SA,2025-01-15,0
CUST000158,William Tran,FR,2025-06-28,0
CUST000159,Sean Henry,AE,2025-12-21,0
CUST000160,Julie Alexander,AE,2024-01-29,0
CUST000161,Todd Woods,PK,2025-11-01,0
CUST000162,Benjamin Soto,NL,2023-09-19,0
CUST000163,Justin Torres,PK,2026-04-22,0
CUST000164,,GB,2025-09-30,0
CUST000165,Joseph Hayes,AE,2024-10-15,0
CUST000166,Wanda Torres,IN,2025-04-12,0
CUST000167,Natalie Meza,NL,2024-02-22,0
CUST000168,Matthew Moore,US,2024-01-18,0
CUST000169,Aaron Hayes,GB,2025-03-16,0
CUST000170,David Mann,FR,2025-07-04,0
CUST000171,Michael Bradshaw,GB,2025-09-27,0
CUST000172,Mary Peck,PK,2024-09-27,0
CUST000173,Maria Kerr,PK,2025-11-05,0
CUST000174,Christopher Parker,DE,2025-08-19,0
CUST000175,Donna Martinez,US,2025-06-19,0
CUST000176,Terri Mason,CN,2024-12-05,0
CUST000177,Andrew Reynolds,NL,2024-06-16,0
CUST000178,Brandon Hayden,GB,2025-11-14,0
CUST000179,Tiffany Key,DE,2025-06-03,0
CUST000180,Andrew Avila,GB,2024-11-12,0
CUST000181,Sydney White,PK,2025-03-07,0
CUST000182,Katherine Davis,FR,2024-07-12,0
CUST000183,Michael Hodge,NL,2024-06-23,0
CUST000184,Donna Landry,DE,2025-10-23,0
CUST000185,Jordan Edwards,US,2024-06-17,0
CUST000186,Jennifer Robertson,PK,2026-04-17,0
CUST000187,Kimberly Gutierrez,DE,2024-02-01,0
CUST000188,Peter Garrett,IN,2025-08-30,0
CUST000189,Joshua Pennington,DE,2024-10-10,0
CUST000190,Barbara Dudley,DE,2025-03-31,0
CUST000191,Christopher Pierce,AE,2025-02-02,0
CUST000192,Willie Durham,AE,2024-11-03,0
CUST000193,Ronnie Jimenez,CN,2025-07-17,0
CUST000194,Denise Davenport,CN,2026-04-09,0
CUST000195,Juan Reyes,PK,2026-02-09,0
CUST000196,Sherry Shields,AE,2024-04-30,0
CUST000197,Jennifer Villa,AE,2024-12-19,0
CUST000198,Diane Evans,SA,2025-03-09,0
CUST000199,Mrs. Brittany Ryan MD,FR,2025-02-02,0
CUST000200,Jordan Morris,CN,2024-02-02,0
CUST000201,Laura Hall,SA,2025-09-15,0
CUST000202,Patrick Thornton,PK,2025-10-21,0
CUST000203,Matthew Hoover,PK,2026-04-09,0
CUST000204,Andrew Shaw MD,CN,2025-12-18,0
CUST000205,Jessica Fox,DE,2024-10-29,0
CUST000206,Jennifer Pena,US,2023-12-30,0
CUST000207,Wayne Morgan,FR,2025-06-23,0
CUST000208,Sarah Phelps,US,2025-12-08,0
CUST000209,Eugene Higgins,AE,2025-08-29,0
CUST000210,Amanda Jones,NL,2025-04-22,0
CUST000211,Yolanda Francis,AE,2024-10-06,0
CUST000212,Mark Brennan,DE,2024-10-16,0
CUST000213,Stephanie Williams,NL,2025-10-05,0
CUST000214,James Thomas,GB,2025-01-12,0
CUST000215,Rebecca Jackson,AE,2023-10-15,0
CUST000216,Lisa Allen,PK,2026-01-31,0
CUST000217,Joel King,DE,2024-04-09,0
CUST000218,Robert Santana,SA,2025-06-08,0
CUST000219,Jeremy Reed,FR,2025-03-10,0
CUST000220,Jessica Wright,IN,2025-11-24,0
CUST000221,James Webb,CN,2024-03-22,0
CUST000222,Laura Haney,GB,2024-05-20,0
CUST000223,Mary Hill,AE,2025-02-16,0
CUST000224,Natasha Williams,SA,2025-03-29,0
CUST000225,Tanner Mitchell DDS,DE,2025-03-29,0
CUST000226,Mark Oliver,DE,2025-06-08,1
CUST000227,Mary Massey,GB,2025-04-20,0
CUST000228,Maria Parker,DE,2024-10-13,0
CUST000229,Morgan Davis,SA,2024-05-19,0
CUST000230,Casey Anderson,US,2025-01-20,0
CUST000231,Kiara Mcintyre,SA,2025-11-09,0
CUST000232,Roger Olson,NL,2025-10-16,0
CUST000233,Gina Wilson,DE,2026-03-22,0
CUST000234,Vincent Dalton,PK,2025-07-25,0
CUST000235,Tracy Ballard,US,2024-07-29,0
CUST000236,Alexis Herrera,DE,2024-10-27,0
CUST000237,Megan Richards,CN,2025-11-01,0
CUST000238,Ashley Hall,CN,2023-08-22,0
CUST000239,Kristina Herman,US,2024-03-06,0
CUST000240,Rodney Blankenship,IN,2024-05-27,0
CUST000241,Charles Shah,CN,2024-05-29,1
CUST000242,Brent Clay Jr.,IN,2024-10-26,0
CUST000243,Natalie Bautista,CN,2024-09-21,0
CUST000244,Brittany Perry,CN,2023-11-04,0
CUST000245,Jason Lynn Jr.,GB,2024-08-03,0
CUST000246,Trevor Foley,IN,2023-11-04,0
CUST000247,Kimberly Levine,DE,2024-07-22,1
CUST000248,Colton Martinez,AE,2025-11-27,1
CUST000249,Matthew May,CN,2025-03-19,0
CUST000250,Richard Sanchez,DE,2023-12-01,0
CUST000251,Andrea Hubbard,US,2024-02-21,0
CUST000252,Sergio Murphy,DE,2023-12-23,0
CUST000253,April Garrison,FR,2023-12-20,0
CUST000254,David Thompson,US,2025-05-23,0
CUST000255,Adrian Tyler,DE,2024-03-23,0
CUST000256,Christopher Williams,GB,2025-08-12,0
CUST000257,Nichole Alvarez,US,2025-09-17,0
CUST000258,Ashley Gordon,FR,2026-03-05,0
CUST000259,Richard Camacho,NL,2025-01-02,0
CUST000260,Victor Brown,NL,2024-11-20,0
CUST000261,Michael Henry,SA,2026-01-28,1
CUST000262,Bobby Franklin,PK,2023-10-02,0
CUST000263,Mark Kelley,SA,2024-06-19,0
CUST000264,Kerry Chavez DDS,PK,2023-11-04,0
CUST000265,Sarah Curtis,AE,2025-09-08,0
CUST000266,Cindy Hayes,NL,2024-03-13,0
CUST000267,Jesse Perry,CN,2023-10-31,0
CUST000268,Maurice Brooks,DE,2023-12-28,0
CUST000269,Andrea Decker,AE,2023-10-29,0
CUST000270,Parker Cain,PK,2025-02-06,0
CUST000271,Kristina Rivera,NL,2023-11-27,0
CUST000272,Maurice Christensen,IN,2025-12-17,0
CUST000273,Tracy Burke,SA,2024-07-15,0
CUST000274,Christy Douglas,NL,2024-03-09,0
CUST000275,Ryan Richardson,PK,2025-09-02,0
CUST000276,Renee Bruce,NL,2026-04-03,0
CUST000277,Lisa Day,IN,2023-08-23,0
CUST000278,Sandra Adams,AE,2024-01-25,0
CUST000279,Ellen Morgan,DE,2023-08-03,0
CUST000280,Kylie Morales,FR,2023-12-17,0
CUST000281,Amanda Reese,NL,2024-02-29,0
CUST000282,Glen Wood,NL,2025-07-22,0
CUST000283,Latoya Miller,US,2023-09-18,0
CUST000284,Luke Craig,CN,2024-04-26,0
CUST000285,Karla Ramos,FR,2024-04-27,0
CUST000286,Ashley Jordan,US,2024-05-07,0
CUST000287,Katelyn Estrada,PK,2023-09-11,0
CUST000288,Kyle Smith,DE,2024-05-26,0
CUST000289,Chad Scott,PK,2024-06-22,0
CUST000290,Paul Thompson,DE,2024-08-13,0
CUST000291,Kathryn Whitaker,US,2025-10-16,0
CUST000292,Scott Williams,DE,2023-08-15,0
CUST000293,Shannon Johnston,AE,2025-02-23,0
CUST000294,Jennifer Wilson,GB,2023-08-17,0
CUST000295,Robert Montgomery,US,2025-11-11,0
CUST000296,Anita Richard,GB,2024-03-28,0
CUST000297,Kelly Foster,US,2024-06-04,0
CUST000298,Gary Jackson,AE,2024-12-22,0
CUST000299,Jordan Bullock,NL,2024-07-13,0
CUST000300,Sabrina Briggs,DE,2024-03-21,0
CUST000301,Craig Morrison,DE,2025-08-30,0
CUST000302,Cassandra Mejia,AE,2024-12-06,0
CUST000303,Olivia Cole,SA,2026-02-11,0
CUST000304,Madison Weber,SA,2025-12-13,0
CUST000305,Brittany Jones,FR,2024-10-14,1
CUST000306,Donald Brown,FR,2024-12-19,0
CUST000307,Jesse Brown,FR,2025-11-10,0
CUST000308,,NL,2025-04-06,0
CUST000309,Julie Spencer,US,2025-10-01,0
CUST000310,Joanna Pacheco,FR,2025-05-13,0
CUST000311,John Hernandez,IN,2023-09-28,0
CUST000312,Steven Cooper,NL,2025-07-15,0
CUST000313,Carrie Wright,CN,2024-10-10,1
CUST000314,Joseph Moore,AE,2024-08-06,0
CUST000315,Jason Morgan,CN,2025-03-20,0
CUST000316,Maria Jones,IN,2023-10-31,0
CUST000317,Diane Cummings,SA,2025-05-18,0
CUST000318,Shelley Cook,DE,2025-03-05,0
CUST000319,Gregory Ponce,US,2025-06-29,0
CUST000320,Kurt Hurley,IN,2024-06-03,0
CUST000321,Rickey Li,IN,2025-06-01,0
CUST000322,Nancy Jennings,NL,2025-01-07,0
CUST000323,Jessica Cox,IN,2024-07-26,0
CUST000324,Daniel Meza,GB,2024-11-28,1
CUST000325,Chad Jones,FR,2025-11-23,0
CUST000326,Randy Conley,FR,2026-01-01,0
CUST000327,George Miranda,SA,2023-12-06,0
CUST000328,Christopher Guerra,AE,2025-09-10,0
CUST000329,Carol Kim,CN,2024-09-13,0
CUST000330,Cynthia Wallace,US,2024-05-09,0
CUST000331,Joann Ferguson,NL,2024-06-03,0
CUST000332,Julie Conley,DE,2024-08-01,0
CUST000333,Victoria Murray,IN,2024-05-06,0
CUST000334,Joseph Burch,PK,2025-10-26,0
CUST000335,Brenda Wright,DE,2025-05-03,0
CUST000336,Kristen Garcia,DE,2025-11-24,0
CUST000337,Dominique Hines,SA,2024-04-27,0
CUST000338,Brittany Kim,CN,2026-03-06,0
CUST000339,Jerry Bailey,NL,2023-08-23,0
CUST000340,Jonathan Young,CN,2026-04-23,0
CUST000341,Alfred Galvan,IN,2025-11-18,0
CUST000342,Raven Taylor,AE,2024-05-11,0
CUST000343,Melissa Taylor,DE,2025-07-06,0
CUST000344,Aaron Miller,CN,2024-04-10,0
CUST000345,Kimberly Acosta,GB,2025-01-08,0
CUST000346,Dwayne Turner,IN,2023-09-14,0
CUST000347,Riley Bryant,SA,2023-11-16,0
CUST000348,Linda Smith,CN,2024-12-27,0
CUST000349,Charles Patterson,US,2025-04-06,0
CUST000350,Jason Beck,AE,2023-10-22,0
CUST000351,Andrea Fox,GB,2024-12-19,0
CUST000352,Kristen Myers DDS,CN,2025-04-27,0
CUST000353,Mrs. Alexis Kramer,PK,2024-07-08,0
CUST000354,Lori Ingram,CN,2025-08-05,0
CUST000355,Andrew Payne,GB,2025-10-23,0
CUST000356,Richard Marshall,IN,2025-06-26,0
CUST000357,Robin Brown,PK,2025-09-15,0
CUST000358,Edward Williams,IN,2024-02-13,0
CUST000359,Timothy Robertson,FR,2026-04-18,0
CUST000360,Dawn Mullins,PK,2024-02-05,0
CUST000361,Richard Glenn,IN,2024-06-25,0
CUST000362,Jacob Preston,US,2025-08-13,0
CUST000363,Jasmine Beltran,US,2024-12-08,0
CUST000364,Tim Stone PhD,PK,2025-07-28,0
CUST000365,Lance Short,SA,2025-01-26,0
CUST000366,Bobby Guerrero,US,2024-05-31,1
CUST000367,Jessica Norris,US,2024-07-15,0
CUST000368,Sergio Gomez,NL,2026-04-27,0
CUST000369,William Gould,SA,2023-10-11,0
CUST000370,Heidi Owen,CN,2025-06-10,0
CUST000371,Brenda Lawson,IN,2025-09-20,0
CUST000372,Austin Osborne,SA,2024-07-30,0
CUST000373,Keith Jacobs,AE,2025-06-10,0
CUST000374,Jacqueline Hines,PK,2025-02-24,0
CUST000375,Jennifer Banks,US,2024-04-04,0
CUST000376,Noah Porter,DE,2024-08-20,0
CUST000377,Deborah Green,AE,2024-10-18,0
CUST000378,Donna Hendricks DDS,GB,2023-11-28,0
CUST000379,Jodi Roach,CN,2024-10-17,0
CUST000380,Michael Bruce,PK,2024-06-13,0
CUST000381,Austin Daniels,SA,2026-01-09,0
CUST000382,Michelle Ho,PK,2025-04-29,0
CUST000383,Katie Martinez,AE,2024-02-15,0
CUST000384,Richard Johnson,IN,2025-02-04,0
CUST000385,Robert Arnold,DE,2025-04-03,0
CUST000386,Eric Key,SA,2025-07-20,0
CUST000387,Patricia Morrow,DE,2023-10-10,0
CUST000388,Maria Cole,CN,2025-06-11,0
CUST000389,Shawn Deleon,GB,2025-05-01,0
CUST000390,Vincent Reynolds,GB,2026-01-29,1
CUST000391,Caleb Hernandez,GB,2024-01-09,0
CUST000392,Michael Reed,SA,2026-02-28,0
CUST000393,Sarah King,SA,2025-04-26,0
CUST000394,Beth Turner,IN,2025-01-14,0
CUST000395,Caroline David,AE,2023-12-30,0
CUST000396,Michelle Jacobs,AE,2025-11-21,0
CUST000397,Samantha Johnson,IN,2023-09-11,0
CUST000398,Laura Curtis,SA,2025-09-06,0
CUST000399,Mark Jimenez,NL,2025-04-18,0
CUST000400,Tyler Webb,SA,2025-10-14,0
CUST000401,Elizabeth Jones,US,2023-09-26,0
CUST000402,John Harris,SA,2025-03-29,0
CUST000403,Nathan Gross,PK,2025-12-09,0
CUST000404,Bianca Wood,AE,2025-02-12,0
CUST000405,John Adams,GB,2024-04-02,0
CUST000406,Dylan Cruz,IN,2025-04-07,0
CUST000407,Sean Moore,GB,2024-06-21,0
CUST000408,Emily Hines,NL,2024-12-10,0
CUST000409,Kathleen Parker,IN,2023-08-20,0
CUST000410,Kathy Levy,IN,2024-02-29,0
CUST000411,Anthony Simpson,FR,2025-12-31,1
CUST000412,Julie Herrera,US,2025-11-26,1
CUST000413,Stephen Luna,FR,2025-09-03,0
CUST000414,James Hudson,IN,2024-02-08,0
CUST000415,Angel Gordon,NL,2025-09-03,0
CUST000416,William Becker,CN,2023-11-24,0
CUST000417,Jennifer Norton,US,2024-07-03,0
CUST000418,Nicole Gonzalez,FR,2024-12-21,0
CUST000419,Amber Taylor,NL,2024-06-27,0
CUST000420,Jesus Obrien,PK,2024-12-27,0
CUST000421,Louis Martin,CN,2026-04-19,0
CUST000422,Elizabeth Rogers,PK,2025-11-07,0
CUST000423,Michelle Evans,FR,2025-10-25,0
CUST000424,Michael Whitney,IN,2025-03-06,0
CUST000425,Molly Watts,PK,2023-08-23,0
CUST000426,Walter Patton,CN,2025-09-15,0
CUST000427,Mikayla Silva,AE,2024-01-15,0
CUST000428,Lisa Randall,IN,2023-12-23,0
CUST000429,Amanda Vaughan,SA,2023-11-15,0
CUST000430,Erik Hernandez,GB,2025-06-21,0
CUST000431,Reginald Knapp,PK,2025-12-22,0
CUST000432,Amy Taylor,US,2024-02-21,0
CUST000433,Matthew Fox,US,2024-06-07,0
CUST000434,Thomas Peterson,US,2024-07-18,0
CUST000435,Michelle Schneider,GB,2025-06-24,0
CUST000436,Cheryl Wright,AE,2025-02-08,0
CUST000437,William Evans,AE,2024-05-13,0
CUST000438,Michael Stewart,IN,2024-07-12,0
CUST000439,Rebecca Hill,DE,2023-11-27,0
CUST000440,Jamie Baird,GB,2025-10-28,0
CUST000441,Regina Roberts,SA,2024-05-12,1
CUST000442,Hannah Ramos,GB,2024-04-10,0
CUST000443,Dale Ryan,AE,2026-02-20,0
CUST000444,Breanna Gilbert,NL,2025-03-09,0
CUST000445,Michael Schmidt,CN,2025-04-29,0
CUST000446,Jason Love,PK,2023-11-06,1
CUST000447,Abigail Pierce,AE,2026-02-16,0
CUST000448,Timothy Johns,SA,2024-11-19,0
CUST000449,Victor Morris,IN,2025-05-07,0
CUST000450,Ann Andrews,IN,2025-01-16,0
CUST000451,Taylor Gentry,FR,2024-01-20,0
CUST000452,Casey Gillespie,CN,2026-04-26,0
CUST000453,Jon Zuniga,FR,2026-03-21,0
CUST000454,Sherri Smith,DE,2025-02-18,0
CUST000455,William Mitchell,DE,2026-04-18,0
CUST000456,Kathleen Mays,NL,2025-11-30,0
CUST000457,Corey Rodriguez,IN,2024-01-07,0
CUST000458,David Lopez,NL,2025-08-07,0
CUST000459,Laura Todd,GB,2024-01-20,0
CUST000460,Stephanie Wilcox,PK,2024-12-27,0
CUST000461,Michael Lopez,SA,2023-12-16,0
CUST000462,David Green,US,2024-03-20,0
CUST000463,Tiffany Turner,IN,2025-07-24,0
CUST000464,Matthew Schwartz,IN,2023-09-28,1
CUST000465,,GB,2024-12-14,0
CUST000466,Michele Collins,GB,2023-11-23,0
CUST000467,Elizabeth Mendez,AE,2024-03-04,0
CUST000468,Christian Adkins,NL,2025-03-28,0
CUST000469,Joshua Ruiz,FR,2025-01-18,1
CUST000470,Colleen Wright,CN,2025-08-25,0
CUST000471,Angela Griffin,FR,2025-07-04,1
CUST000472,Justin Brown,IN,2025-01-28,0
CUST000473,Laura Hernandez,PK,2024-06-22,0
CUST000474,Audrey Harris,DE,2025-03-05,0
CUST000475,Jordan Stokes,AE,2024-10-26,1
CUST000476,Joyce Brown,US,2024-11-04,0
CUST000477,Miranda Foster,US,2025-10-26,0
CUST000478,Laura Williams,US,2024-07-08,1
CUST000479,Zachary Michael,AE,2023-10-05,0
CUST000480,Amanda Ortiz,PK,2025-09-08,0
CUST000481,Veronica Brewer,PK,2024-09-22,0
CUST000482,Janet Kane DVM,FR,2024-08-08,0
CUST000483,Mary Ryan,DE,2025-05-15,0
CUST000484,Christopher Medina,SA,2025-01-10,0
CUST000485,Courtney Smith,GB,2023-08-19,0
CUST000486,Michael Stephens,US,2025-01-13,0
CUST000487,Danielle Reed,NL,2024-04-30,0
CUST000488,Molly Rodriguez,DE,2025-10-19,1
CUST000489,Ralph Stephenson,SA,2023-08-12,0
CUST000490,Brian Johnson,IN,2025-03-20,0
CUST000491,Amber Yang,IN,2024-09-04,0
CUST000492,Daniel Shields,PK,2023-09-22,0
CUST000493,Donna Cabrera,IN,2025-08-01,0
CUST000494,Kyle Chambers,CN,2024-06-14,0
CUST000495,Charles Keller,IN,2024-03-06,0
CUST000496,Antonio Fry,SA,2025-12-28,0
CUST000497,Lori Simmons,NL,2024-12-07,0
CUST000498,Teresa Powers,IN,2025-09-25,1
CUST000499,Jason Hernandez,DE,2024-08-09,1
CUST000500,Kara Atkinson,IN,2024-05-25,0
CUST000501,Renee Melendez,NL,2025-02-12,0
CUST000502,Kristin Anderson,SA,2024-03-28,0
CUST000503,Matthew Nielsen,AE,2025-11-26,0
CUST000504,Nathaniel Lee,NL,2024-04-23,0
CUST000505,Lindsey Russo,SA,2024-02-02,0
CUST000506,Misty Hansen,PK,2024-11-21,0
CUST000507,Felicia Krueger,IN,2023-08-12,0
CUST000508,Tonya Wilson,AE,2026-04-28,0
CUST000509,David Munoz,DE,2024-02-18,0
CUST000510,Kristen Rowe,FR,2024-08-13,0
CUST000511,Heather Green,DE,2024-12-24,0
CUST000512,Brett Zavala MD,GB,2025-11-18,0
CUST000513,Jacqueline Gutierrez,PK,2025-02-12,0
CUST000514,Charles Green,IN,2026-02-22,0
CUST000515,Jennifer Hernandez,FR,2024-06-23,0
CUST000516,Roy Porter,US,2025-05-16,0
CUST000517,Dawn Underwood,FR,2026-03-26,0
CUST000518,Katherine Jackson,GB,2025-10-04,1
CUST000519,Nathan Freeman,CN,2026-02-04,0
CUST000520,Maria Brown,FR,2023-08-31,0
CUST000521,Theresa Barnett,AE,2025-09-03,0
CUST000522,Ryan Hall,AE,2025-07-08,1
CUST000523,Jonathan Brooks,IN,2025-04-09,0
CUST000524,Lisa Webb,AE,2024-11-29,0
CUST000525,Juan Smith,FR,2025-01-10,0
CUST000526,William Smith,IN,2025-10-23,0
CUST000527,Renee Browning,GB,2023-11-12,0
CUST000528,Chase Lee,DE,2025-01-07,0
CUST000529,Debra Sanders,NL,2024-08-06,0
CUST000530,Karl Branch,CN,2024-03-11,0
CUST000531,Sarah Valdez,NL,2025-12-07,1
CUST000532,,CN,2025-02-03,1
CUST000533,Adam Jackson,FR,2024-12-11,0
CUST000534,Richard Knight,AE,2025-12-07,0
CUST000535,Joseph Williams,FR,2024-02-25,0
CUST000536,Stacy Alvarez,DE,2023-09-12,0
CUST000537,Timothy Lam,SA,2025-02-13,0
CUST000538,Timothy Edwards,CN,2026-03-21,0
CUST000539,Nicole Marquez,SA,2024-08-31,0
CUST000540,Christopher Allen,US,2025-11-13,1
CUST000541,Steven Rivera,IN,2025-08-26,0
CUST000542,William Ramsey,AE,2024-12-12,0
CUST000543,Amy Kim,US,2025-11-17,0
CUST000544,Randy Friedman,PK,2024-08-30,0
CUST000545,Alyssa Nelson,IN,2026-04-21,0
CUST000546,Henry Pugh MD,DE,2025-06-10,0
CUST000547,Angelica Montgomery,GB,2025-10-07,0
CUST000548,Angela Moore,FR,2025-07-12,0
CUST000549,Nancy Stewart,CN,2023-11-12,0
CUST000550,Eric Ward,GB,2024-04-24,0
CUST000551,Cody Cole,US,2025-02-05,0
CUST000552,Alexander Gomez,SA,2023-10-29,0
CUST000553,Erika Cruz,AE,2024-05-16,0
CUST000554,Bradley Santana,FR,2026-01-23,0
CUST000555,Laura Jackson,IN,2024-08-14,0
CUST000556,Eric Snyder,FR,2023-09-29,0
CUST000557,Jason Washington,FR,2023-10-13,0
CUST000558,David Weber,FR,2025-03-16,0
CUST000559,Brian Torres,AE,2026-03-08,0
CUST000560,Manuel Brock,US,2024-06-23,0
CUST000561,Robert Villarreal,IN,2026-04-03,0
CUST000562,Frank Valentine,DE,2024-02-15,0
CUST000563,Vincent Novak,SA,2024-05-16,0
CUST000564,Katherine Johnston,PK,2024-03-27,0
CUST000565,Robert Long,DE,2023-11-19,0
CUST000566,Leslie Gardner,SA,2025-06-12,0
CUST000567,Tiffany Murray,CN,2025-07-09,0
CUST000568,Eddie Schwartz,DE,2025-10-28,0
CUST000569,Jennifer Porter,DE,2025-04-25,0
CUST000570,Matthew Espinoza,GB,2025-09-28,0
CUST000571,William Mendoza,SA,2024-09-03,0
CUST000572,,GB,2025-01-24,0
CUST000573,Heather Woodard,CN,2025-01-18,0
CUST000574,Angela Mack,GB,2025-05-19,0
CUST000575,Matthew Williams,PK,2026-04-12,0
CUST000576,Jennifer Goodwin,FR,2026-03-25,0
CUST000577,Adam Green,DE,2024-12-22,0
CUST000578,Lauren Johnston,PK,2024-10-18,0
CUST000579,Raymond Chapman,PK,2024-12-12,0
CUST000580,Alexander Garcia,NL,2024-09-18,0
CUST000581,Audrey Shepard,US,2023-12-17,1
CUST000582,Jesse Clark,FR,2024-11-24,0
CUST000583,Jeffrey Horton,US,2024-06-12,0
CUST000584,Robert Wilson,DE,2025-11-28,0
CUST000585,Megan Martin,PK,2026-04-12,0
CUST000586,Christopher Moore,CN,2025-02-10,0
CUST000587,Crystal Sullivan,PK,2024-01-29,0
CUST000588,Jessica Johnson,IN,2025-04-05,0
CUST000589,Kevin Price,NL,2025-07-05,0
CUST000590,Paul Stokes,IN,2023-09-28,0
CUST000591,Shane Lopez,IN,2024-06-19,0
CUST000592,Dennis Huffman,US,2025-01-08,0
CUST000593,Linda Carr,GB,2025-03-09,0
CUST000594,Ryan Williamson,AE,2025-10-23,0
CUST000595,Elizabeth Mendez,SA,2023-10-21,0
CUST000596,Bruce Torres,FR,2024-01-28,0
CUST000597,Kayla Barnes,SA,2023-12-13,0
CUST000598,Cody Reid,IN,2025-06-24,0
CUST000599,Zoe Peters,NL,2024-12-01,0
CUST000600,Ernest Hayes,US,2023-09-19,0
CUST000601,Adam Taylor,CN,2025-10-25,0
CUST000602,Kathy Simpson,DE,2025-06-15,0
CUST000603,Ryan Burns,DE,2023-10-19,0
CUST000604,Philip Carter,IN,2024-04-29,0
CUST000605,Carol Ellis,US,2025-08-12,0
CUST000606,Krista Wilson,FR,2023-11-19,0
CUST000607,Samantha Richardson,FR,2025-11-01,0
CUST000608,Nathan Payne,IN,2026-04-18,0
CUST000609,Ronald Potter,US,2024-05-22,0
CUST000610,Mrs. Hannah Montoya MD,US,2026-04-22,0
CUST000611,Cynthia Cochran,FR,2025-03-10,0
CUST000612,Michael Chen,CN,2024-01-10,0
CUST000613,Daniel Clark,CN,2023-09-25,0
CUST000614,Douglas Ryan,US,2024-06-17,0
CUST000615,Donna Adams,NL,2025-12-07,0
CUST000616,Miss Anna Estes,PK,2025-09-25,0
CUST000617,Wendy Camacho,SA,2023-12-02,0
CUST000618,Danielle Dawson,US,2025-11-07,0
CUST000619,Megan Burns,DE,2025-02-27,0
CUST000620,Jason Hayes,IN,2025-04-25,0
CUST000621,Anna Robertson,US,2024-05-02,0
CUST000622,Jackie Clements,CN,2024-06-21,0
CUST000623,Raymond Oconnor,AE,2025-08-01,0
CUST000624,Matthew Howard,NL,2023-09-29,0
CUST000625,Claudia Jordan,SA,2024-02-26,0
CUST000626,Ronald Morgan,CN,2025-02-28,0
CUST000627,Karina Cooper,AE,2025-06-13,0
CUST000628,Brett Bowers,AE,2024-11-01,0
CUST000629,Scott Alexander,AE,2023-07-28,0
CUST000630,Christina Barker,FR,2023-12-07,0
CUST000631,,GB,2024-04-28,0
CUST000632,Danielle Watson,NL,2026-01-22,0
CUST000633,James Torres,PK,2025-06-30,0
CUST000634,Matthew Padilla,CN,2023-07-29,0
CUST000635,Casey Perez,NL,2025-06-11,0
CUST000636,Michael Montoya,GB,2026-04-17,0
CUST000637,Carlos Jones,FR,2024-08-16,0
CUST000638,Ashley Edwards,SA,2025-12-30,0
CUST000639,Raymond Mullins,PK,2023-12-08,0
CUST000640,Brenda Moreno MD,SA,2025-05-11,0
CUST000641,Nathan Fuller,US,2023-12-27,0
CUST000642,Michael Heath,NL,2023-10-23,0
CUST000643,Paul Lawrence,IN,2024-08-17,0
CUST000644,Emily Taylor,DE,2024-05-01,0
CUST000645,Juan Greene,US,2025-03-30,0
CUST000646,Melissa Abbott,US,2025-05-20,0
CUST000647,Joseph Hicks,SA,2025-08-18,0
CUST000648,Anthony Hurst,AE,2026-03-14,0
CUST000649,Brian Porter MD,NL,2025-01-09,0
CUST000650,Victoria Peck,PK,2023-12-07,0
CUST000651,,AE,2025-06-14,0
CUST000652,Tiffany Townsend,GB,2023-08-13,0
CUST000653,Dennis Williams,AE,2023-09-26,0
CUST000654,Katie Fuller,PK,2024-12-13,0
CUST000655,Michael Miller,NL,2025-01-17,0
CUST000656,Diamond Collins,NL,2024-12-23,0
CUST000657,Robert Herrera,DE,2024-08-24,0
CUST000658,Sandra Becker,FR,2023-10-02,0
CUST000659,Monica Mathis,PK,2023-09-24,0
CUST000660,Jeffrey Chavez,IN,2025-03-31,0
CUST000661,Patrick Yang,FR,2023-11-25,1
CUST000662,Meredith Martin,SA,2026-03-12,0
CUST000663,Rachel Le,NL,2024-01-11,0
CUST000664,Richard Adams,NL,2026-01-04,0
CUST000665,Alyssa Roman,FR,2024-04-26,0
CUST000666,Michael Ray,SA,2023-10-13,0
CUST000667,Ian Porter,FR,2025-02-17,0
CUST000668,David Garcia,US,2025-02-24,0
CUST000669,Crystal Hicks,SA,2023-09-10,0
CUST000670,Dana Ruiz,US,2024-08-16,0
CUST000671,Timothy Mathews,AE,2025-02-03,0
CUST000672,Natalie Barnes,DE,2024-06-15,0
CUST000673,Nathan Nelson,GB,2023-10-14,0
CUST000674,Jonathan Winters,US,2024-01-24,0
CUST000675,Vicki Finley,DE,2023-10-05,1
CUST000676,Douglas Kirk,FR,2024-06-21,0
CUST000677,Aimee Gonzalez,GB,2025-02-14,0
CUST000678,Marcus Marshall,GB,2025-03-14,1
CUST000679,Raymond Gonzalez DVM,GB,2025-08-31,0
CUST000680,Aaron Ortiz,US,2024-03-18,0
CUST000681,Ryan Wiley,IN,2026-03-10,0
CUST000682,Matthew Sweeney,SA,2025-07-28,0
CUST000683,Joseph Allen,IN,2024-12-03,0
CUST000684,Zachary Dawson,SA,2023-10-29,0
CUST000685,Stephanie Meyer,SA,2025-07-02,0
CUST000686,William Miller,FR,2023-11-01,0
CUST000687,Robert Jones,US,2025-02-18,0
CUST000688,Victor Young,AE,2024-04-15,0
CUST000689,Robert Haynes,SA,2025-08-05,0
CUST000690,Dillon Jones,CN,2024-02-16,0
CUST000691,Lauren Moore,IN,2024-01-09,0
CUST000692,Jason Herrera,PK,2026-03-24,0
CUST000693,Eric Baker,AE,2023-11-25,0
CUST000694,Michael Mckenzie,US,2025-06-28,0
CUST000695,Russell Murphy,CN,2023-10-27,0
CUST000696,Henry Palmer,SA,2025-06-08,0
CUST000697,William Johnson,PK,2024-09-06,0
CUST000698,Paul Wright,SA,2024-11-03,0
CUST000699,Brenda Smith,FR,2025-11-09,0
CUST000700,Mrs. Samantha Watson,CN,2025-04-22,0
CUST000701,Lauren Green,PK,2025-10-22,0
CUST000702,Austin Orr,FR,2024-10-16,0
CUST000703,Taylor Calderon,US,2024-06-25,0
CUST000704,Joel Jackson,GB,2025-02-24,0
CUST000705,Jennifer Johnson,IN,2025-06-14,1
CUST000706,Daniel Lopez,CN,2024-05-04,0
CUST000707,Amanda Harvey,GB,2024-03-31,0
CUST000708,Jason Pierce,AE,2023-09-27,0
CUST000709,Chad Gonzalez,FR,2026-01-02,0
CUST000710,Lydia Pham,PK,2025-10-04,0
CUST000711,Rachael Howard DDS,FR,2024-11-26,0
CUST000712,Kathryn Price,US,2024-01-24,0
CUST000713,Daniel Huang,NL,2025-09-18,0
CUST000714,William Moreno,SA,2025-09-06,0
CUST000715,Dr. Ariel Sandoval MD,FR,2025-10-26,0
CUST000716,Amy Davies,GB,2024-03-04,0
CUST000717,Rebecca Kelly,AE,2025-11-18,1
CUST000718,Casey Watkins,NL,2025-10-16,0
CUST000719,Suzanne Johnson,US,2025-07-01,0
CUST000720,Kristy Hart,NL,2024-02-02,0
CUST000721,Sierra Vasquez MD,FR,2024-12-02,0
CUST000722,David Robinson,CN,2025-01-07,0
CUST000723,Thomas Harris,NL,2023-12-06,0
CUST000724,Tamara Richard,PK,2024-06-17,0
CUST000725,Kevin Stark,GB,2025-09-14,0
CUST000726,Shannon Yu,FR,2024-08-06,0
CUST000727,Jennifer Garcia,IN,2024-05-26,0
CUST000728,Christopher Fry,GB,2025-10-01,0
CUST000729,Marie Thompson,AE,2026-03-28,0
CUST000730,Tanya Buchanan,US,2024-03-08,0
CUST000731,Casey Parker,CN,2025-06-19,0
CUST000732,Nicholas Rush,CN,2026-03-08,0
CUST000733,Zachary Sanford,FR,2023-08-29,0
CUST000734,Tammy Ponce,SA,2024-03-06,0
CUST000735,Taylor Taylor,NL,2025-08-15,0
CUST000736,William Jackson,GB,2026-01-03,0
CUST000737,Michael Fowler,SA,2026-01-04,0
CUST000738,Derek Wright,GB,2023-10-04,0
CUST000739,Brian Smith,PK,2024-08-19,0
CUST000740,Tracy Wilkerson,DE,2024-12-05,0
CUST000741,Joshua Garcia,SA,2024-11-21,0
CUST000742,Marilyn Mcdaniel,IN,2024-01-07,0
CUST000743,Ryan Phillips,DE,2024-06-12,0
CUST000744,Angela Jackson,IN,2024-08-08,0
CUST000745,Kimberly Villanueva,DE,2023-10-29,0
CUST000746,Lisa Webb,SA,2023-08-28,0
CUST000747,Carmen Preston,IN,2024-01-02,0
CUST000748,Daniel Lee,NL,2025-06-28,0
CUST000749,Monica Baker,NL,2024-05-06,0
CUST000750,Anthony Armstrong,DE,2025-11-18,0
CUST000751,Isaac Patterson,GB,2024-05-19,0
CUST000752,Lindsay Gonzalez,PK,2023-08-22,0
CUST000753,Edgar Miller,FR,2025-11-22,0
CUST000754,James Burns,US,2025-05-23,0
CUST000755,Joshua Lopez,CN,2026-01-03,0
CUST000756,Jeremy Baker,AE,2024-11-06,0
CUST000757,Derrick Brown,GB,2025-08-22,0
CUST000758,Angelica Cooper,CN,2025-01-22,0
CUST000759,Leah Spencer,NL,2025-11-19,0
CUST000760,Jennifer Nichols,DE,2025-12-16,0
CUST000761,Stephen Alvarez,FR,2023-10-15,0
CUST000762,Michelle Shaw,NL,2026-01-18,0
CUST000763,Megan Oliver,CN,2023-11-26,0
CUST000764,Carrie Joyce,NL,2026-03-31,0
CUST000765,Beth Henderson,FR,2026-04-17,0
CUST000766,Zachary Burton,FR,2025-11-13,0
CUST000767,Thomas Sloan,FR,2023-10-03,0
CUST000768,James Nguyen,GB,2024-04-30,0
CUST000769,Shane Buchanan,IN,2025-04-14,0
CUST000770,Jennifer Perry,GB,2023-12-24,0
CUST000771,Olivia Ayers,IN,2026-02-12,0
CUST000772,Ashlee Mitchell,PK,2025-01-16,0
CUST000773,Jason Reyes,PK,2024-11-27,0
CUST000774,Amanda Hill,GB,2023-12-19,0
CUST000775,Melissa Williams,SA,2026-01-07,0
CUST000776,David Reese,US,2026-02-08,0
CUST000777,Alicia Roth,DE,2024-05-27,0
CUST000778,John Horton,PK,2023-11-03,0
CUST000779,Brandy Mccann,SA,2024-10-15,0
CUST000780,Debra Butler,US,2025-05-07,0
CUST000781,Daniel Holloway,IN,2025-08-11,0
CUST000782,Sharon Nicholson,PK,2024-12-27,0
CUST000783,Eric Hunter,SA,2023-12-11,0
CUST000784,Sherry Johnson,GB,2024-02-06,0
CUST000785,Sara Wright,PK,2024-10-29,0
CUST000786,Michele Hill,DE,2025-11-02,0
CUST000787,Madison Martinez,GB,2023-08-27,0
CUST000788,Kirk Thompson,US,2025-12-19,0
CUST000789,Hannah Martin,FR,2026-01-12,0
CUST000790,Melissa Mitchell,CN,2024-08-19,0
CUST000791,Kenneth Hanna,CN,2025-12-06,0
CUST000792,Megan Adams,NL,2024-09-11,0
CUST000793,Richard Saunders,PK,2023-08-05,0
CUST000794,Maria Burke,FR,2023-08-05,0
CUST000795,Robert Torres,PK,2026-03-26,0
CUST000796,Jessica Bennett,US,2024-07-12,0
CUST000797,John Byrd,US,2025-11-03,0
CUST000798,Brian Hunt,FR,2025-05-24,0
CUST000799,Jacqueline Holland,FR,2025-03-31,0
CUST000800,Brian Brown,GB,2026-04-17,0
CUST000801,Shannon Green,IN,2025-07-12,0
CUST000802,Elizabeth Hernandez,IN,2025-09-05,0
CUST000803,Renee Lang,GB,2025-03-22,0
CUST000804,Melanie Griffith,IN,2025-05-17,0
CUST000805,Deanna Barnes MD,DE,2023-09-01,0
CUST000806,Laura Lee,DE,2025-07-27,0
CUST000807,Joseph Glover,FR,2026-01-24,0
CUST000808,Katie Bruce,CN,2025-11-19,0
CUST000809,Catherine Davis,CN,2023-12-03,0
CUST000810,Robert Hines,PK,2024-01-28,1
CUST000811,Gabriela Davis,DE,2024-07-19,0
CUST000812,Elizabeth French,PK,2024-06-25,0
CUST000813,Edward York,FR,2024-11-12,0
CUST000814,Lauren Blackburn,FR,2023-10-07,0
CUST000815,Kathryn Dillon,NL,2024-08-14,0
CUST000816,Anthony Dickerson,NL,2023-12-13,0
CUST000817,Jason Hudson,GB,2026-01-25,0
CUST000818,Eugene Baldwin,IN,2025-09-18,0
CUST000819,Mr. Christopher Walters,CN,2023-08-01,0
CUST000820,Philip Jackson,US,2025-09-04,0
CUST000821,Phillip Miller DDS,US,2025-04-25,0
CUST000822,Vincent Reyes,GB,2023-09-03,0
CUST000823,Jake Smith,FR,2024-06-16,0
CUST000824,Cheryl Rhodes,FR,2025-04-18,0
CUST000825,Michael Cooper,AE,2023-12-04,0
CUST000826,Kevin Jackson,NL,2025-11-02,0
CUST000827,Earl Luna,IN,2025-03-18,0
CUST000828,Stephen Cowan,PK,2024-07-06,0
CUST000829,Heather Lopez,FR,2026-03-07,0
CUST000830,Jennifer Perez,NL,2025-07-28,0
CUST000831,Nicholas Lawrence,PK,2024-01-13,0
CUST000832,Matthew Johnson,NL,2025-12-25,0
CUST000833,Joseph Williams,GB,2026-04-23,0
CUST000834,Martha Smith,GB,2025-06-20,0
CUST000835,James Kelley,IN,2024-11-16,0
CUST000836,Michael Mccoy,US,2024-05-25,0
CUST000837,Mary Nelson,FR,2025-03-28,0
CUST000838,Ronald Garcia,SA,2025-07-20,0
CUST000839,Brian Rodriguez,GB,2024-02-12,0
CUST000840,Dennis Mills,FR,2024-02-15,0
CUST000841,Elizabeth Williams,US,2024-12-08,0
CUST000842,Timothy Rivera,CN,2023-07-30,0
CUST000843,Susan Conley,FR,2025-05-31,1
CUST000844,Brandon Hunt,DE,2025-07-24,0
CUST000845,David Hall,PK,2026-04-17,0
CUST000846,John Garcia,IN,2024-01-19,0
CUST000847,Dylan Solis,CN,2024-06-06,1
CUST000848,Anna Chang,AE,2023-09-12,0
CUST000849,Mary Jackson,DE,2024-07-21,0
CUST000850,Marco Johns,AE,2023-10-29,0
CUST000851,Catherine Morales,IN,2026-03-22,0
CUST000852,James Jefferson,GB,2025-10-09,0
CUST000853,Rebecca Wilson,IN,2025-06-27,0
CUST000854,Tommy Moore,IN,2024-09-18,0
CUST000855,Rebekah Gregory,FR,2024-01-26,0
CUST000856,Ian Johnson,US,2025-06-15,0
CUST000857,Valerie Anderson,AE,2026-02-07,0
CUST000858,Jason Williams,GB,2024-04-16,0
CUST000859,Michael Gregory,GB,2025-09-07,0
CUST000860,Krystal Levine,CN,2025-05-31,0
CUST000861,Joseph Haynes,DE,2023-10-31,0
CUST000862,Danielle Reed,DE,2025-06-07,0
CUST000863,Ryan Grant,PK,2026-04-16,0
CUST000864,Mason Moore,SA,2025-11-27,0
CUST000865,Sheila Jones,CN,2024-12-03,0
CUST000866,Wayne Williams,US,2024-03-08,0
CUST000867,Jennifer Young,NL,2024-10-31,0
CUST000868,Joan Gates,IN,2024-10-19,0
CUST000869,Jonathan Valdez,NL,2023-11-08,0
CUST000870,Justin Smith,US,2023-10-27,0
CUST000871,Lisa Torres,FR,2024-12-20,0
CUST000872,Michael Clements,IN,2024-07-27,0
CUST000873,Daniel Gibson,CN,2025-02-10,0
CUST000874,Kara Sandoval,CN,2025-07-17,0
CUST000875,Peter Walker,GB,2024-07-05,0
CUST000876,Tracey Carter,GB,2025-01-03,0
CUST000877,Amber Martin,PK,2023-12-16,0
CUST000878,Mikayla Rodriguez,CN,2025-04-02,0
CUST000879,Timothy Long,GB,2024-10-29,0
CUST000880,Michelle Rodriguez,DE,2024-09-16,0
CUST000881,Sara Chapman,CN,2025-09-11,0
CUST000882,Matthew Blanchard,US,2023-12-10,0
CUST000883,Mr. Anthony Mcconnell PhD,CN,2024-11-24,0
CUST000884,Tammy Thompson,AE,2025-03-01,0
CUST000885,Betty Hughes,US,2025-03-23,0
CUST000886,Kathy Cruz,GB,2026-04-08,0
CUST000887,Pamela Hill,SA,2026-03-23,0
CUST000888,Jodi Anderson,SA,2024-09-15,0
CUST000889,Nicole Evans,SA,2025-07-02,0
CUST000890,Michelle Walls,SA,2025-04-24,0
CUST000891,Marcus Roberts,PK,2024-07-09,0
CUST000892,Vicki Santos,SA,2026-03-18,0
CUST000893,Melissa Morris,DE,2023-11-21,0
CUST000894,John Duncan,NL,2025-05-29,0
CUST000895,Paul Skinner,PK,2024-05-10,0
CUST000896,Rhonda Mills,CN,2023-08-22,0
CUST000897,Michael Gonzalez,AE,2025-08-20,0
CUST000898,Dustin King,NL,2025-11-18,0
CUST000899,Elizabeth Molina,US,2023-08-29,0
CUST000900,Ashley Parrish,GB,2025-08-09,0
CUST000901,Natalie Hoffman,IN,2024-03-23,0
CUST000902,Rebecca Roberts,FR,2025-05-26,0
CUST000903,Jasmine Frye,FR,2026-04-04,0
CUST000904,Juan Smith,FR,2024-04-05,0
CUST000905,Priscilla Berg,FR,2025-11-08,0
CUST000906,Michele Holland,GB,2025-08-25,0
CUST000907,Lindsey Parsons,CN,2026-03-24,0
CUST000908,Christopher Fleming,FR,2024-02-01,0
CUST000909,Jose Bennett,US,2024-10-01,0
CUST000910,Beverly Silva,DE,2024-04-09,0
CUST000911,Michael Moore,PK,2023-12-29,0
CUST000912,Anthony Randolph,NL,2025-04-07,0
CUST000913,Katherine Armstrong,NL,2024-07-22,0
CUST000914,Emily Robinson,GB,2024-01-28,0
CUST000915,Jonathan Perry,SA,2025-01-18,0
CUST000916,Daniel Lewis,DE,2024-06-25,0
CUST000917,Daniel Goodwin,IN,2025-01-11,0
CUST000918,Samantha Zavala MD,IN,2025-05-30,0
CUST000919,Tanner Austin,AE,2025-04-12,0
CUST000920,Melanie Flores,US,2026-02-03,0
CUST000921,Janice Fernandez,CN,2024-05-07,0
CUST000922,Samantha Brooks,DE,2025-10-12,0
CUST000923,Andrew Villanueva,FR,2024-02-06,0
CUST000924,Tiffany Jackson,AE,2026-03-16,0
CUST000925,Adrienne Jones,IN,2025-06-01,0
CUST000926,Sharon Coleman,PK,2023-11-09,0
CUST000927,Michele Cherry,NL,2025-09-14,0
CUST000928,Teresa Burgess,AE,2023-12-29,0
CUST000929,Gary Miller,NL,2023-09-20,0
CUST000930,Kristin Andrews,NL,2024-03-13,0
CUST000931,James Mccoy,CN,2024-10-05,0
CUST000932,Michael Nichols,CN,2025-05-03,1
CUST000933,Nicole Richards,NL,2025-07-02,0
CUST000934,Timothy Rodriguez,CN,2025-09-26,0
CUST000935,Brandon Hubbard,SA,2024-10-10,0
CUST000936,Matthew Wells,US,2025-01-14,0
CUST000937,James Salinas,US,2025-01-26,0
CUST000938,Brianna Byrd,FR,2026-02-01,0
CUST000939,Monica Brooks,FR,2026-03-09,0
CUST000940,Kristen Martinez,DE,2023-08-02,0
CUST000941,Kimberly Arroyo,NL,2024-05-29,0
CUST000942,Stephanie Cooper,PK,2024-09-15,0
CUST000943,Kayla Martin,FR,2024-03-06,0
CUST000944,Cheyenne White,CN,2025-10-09,0
CUST000945,Sarah Randolph,SA,2026-04-23,0
CUST000946,Joshua Roberts,GB,2023-10-03,0
CUST000947,Nicholas Freeman,SA,2024-06-24,0
CUST000948,Matthew Garcia,NL,2025-04-11,0
CUST000949,Emily Hayes,AE,2025-04-08,0
CUST000950,Kevin Cunningham,CN,2024-07-28,0
CUST000951,Jeffrey Smith,CN,2024-03-31,0
CUST000952,Patrick Graham,SA,2025-11-19,0
CUST000953,Nicholas Humphrey,PK,2024-11-04,0
CUST000954,Eric Arnold,US,2024-01-20,0
CUST000955,Sarah Trevino,SA,2023-12-15,0
CUST000956,Deborah Mercado,PK,2023-10-12,0
CUST000957,Albert Hunter,AE,2023-08-28,0
CUST000958,Jennifer Lawrence,SA,2026-01-24,0
CUST000959,Kimberly Lutz,PK,2024-11-13,0
CUST000960,Holly Walker,GB,2025-09-11,0
CUST000961,Donna Marshall,SA,2024-12-22,0
CUST000962,Jonathan Bates,NL,2025-11-27,0
CUST000963,Lisa Martin,DE,2024-12-26,0
CUST000964,Christopher Fry,US,2025-05-21,0
CUST000965,Nancy Webb,IN,2024-07-22,0
CUST000966,John Brown,GB,2024-08-02,0
CUST000967,Daniel Velez,DE,2024-07-25,0
CUST000968,Jesse Williams,SA,2026-04-09,0
CUST000969,Michael Boyd,PK,2025-11-08,0
CUST000970,Deborah Stephens,CN,2024-01-18,0
CUST000971,Holly Valdez,FR,2025-11-14,0
CUST000972,Jamie Solomon,IN,2024-12-28,0
CUST000973,Sean Tucker,FR,2024-11-24,0
CUST000974,Kathryn Taylor,IN,2024-01-10,0
CUST000975,Mason Lewis,FR,2024-02-01,0
CUST000976,Mitchell Wilson,AE,2024-03-15,0
CUST000977,Michelle Olson,DE,2024-11-20,0
CUST000978,Christopher Whitaker,AE,2023-08-19,0
CUST000979,Kenneth Martin,DE,2025-04-21,0
CUST000980,Kenneth Brown,AE,2024-04-12,0
CUST000981,Tyler Greene,DE,2025-02-13,0
CUST000982,Nathan Stanley,IN,2024-05-08,0
CUST000983,Jerry Haney,FR,2025-12-16,0
CUST000984,Ronald Burke,AE,2025-10-04,0
CUST000985,Catherine Keller,SA,2024-04-19,0
CUST000986,Grace Chavez,NL,2025-03-13,0
CUST000987,James Rodriguez,NL,2024-02-16,0
CUST000988,Kathy Barnes,GB,2023-12-25,0
CUST000989,John Mendez,AE,2023-09-05,0
CUST000990,Kathy Wilson,US,2024-11-24,0
CUST000991,Larry Carey,IN,2026-01-15,0
CUST000992,Marie Boyd,IN,2024-08-03,0
CUST000993,Joseph Perez,CN,2025-10-12,0
CUST000994,Jane Chapman,CN,2025-08-11,0
CUST000995,Melissa Davis,GB,2023-12-09,0
CUST000996,David Trevino,SA,2024-05-07,0
CUST000997,Jennifer Lopez,PK,2025-07-10,0
CUST000998,Laura Wilson,CN,2023-08-04,1
CUST000999,Melissa Stewart,DE,2024-07-26,0
CUST001000,Matthew King,NL,2025-12-04,0
CUST001001,Jacob Hill,IN,2025-06-11,0
CUST001002,Jennifer Bowers,GB,2024-11-24,0
CUST001003,,CN,2024-05-31,0
CUST001004,Michael Fitzgerald,GB,2025-12-04,0
CUST001005,Nicole Griffin,IN,2025-06-30,0
CUST001006,Daniel Morales,DE,2024-07-02,0
CUST001007,Melissa Mann,AE,2024-01-05,0
CUST001008,Abigail Davis,PK,2023-12-21,0
CUST001009,Jessica Brown,US,2024-03-07,0
CUST001010,Andrew Cruz,DE,2026-04-13,0
CUST001011,Kelly Dawson,PK,2025-03-20,1
CUST001012,Samantha Bowman,GB,2024-10-11,0
CUST001013,Matthew Lara,GB,2024-05-10,0
CUST001014,Kyle Black,PK,2024-03-17,0
CUST001015,Andrew Allen,NL,2023-07-28,0
CUST001016,Zachary Chan,GB,2024-07-17,0
CUST001017,Kevin Holmes,AE,2025-08-07,0
CUST001018,Brandon Mitchell,PK,2025-11-08,0
CUST001019,Hannah Richmond,SA,2024-05-01,0
CUST001020,Cheyenne Spears,FR,2025-02-25,0
CUST001021,Jason Rodriguez,CN,2023-10-08,0
CUST001022,Travis Pratt,GB,2026-03-16,0
CUST001023,Robin Andrews,IN,2025-06-25,1
CUST001024,Kristine Carrillo,US,2025-08-28,0
CUST001025,Judy Murray,IN,2025-03-09,0
CUST001026,Brian Jones,GB,2025-04-25,0
CUST001027,,FR,2026-03-15,0
CUST001028,Alexandra Collier,SA,2024-04-02,0
CUST001029,Michael Nicholson,DE,2023-10-12,0
CUST001030,Karen Gomez,NL,2026-01-12,0
CUST001031,Travis Vega,CN,2026-01-28,0
CUST001032,Mr. Nicolas Salas II,NL,2024-02-16,0
CUST001033,Luke Moore,GB,2023-11-12,0
CUST001034,Megan Alvarado,IN,2025-04-05,0
CUST001035,Kimberly Williams,DE,2024-11-24,0
CUST001036,,NL,2026-01-15,0
CUST001037,Katherine Joyce,AE,2026-02-03,0
CUST001038,Daniel Ray,AE,2023-09-20,0
CUST001039,Karen Fernandez,SA,2024-12-14,0
CUST001040,,FR,2026-04-05,0
CUST001041,Julia Norris,PK,2023-08-08,0
CUST001042,Kevin Nguyen,IN,2025-04-04,0
CUST001043,Joshua Young,NL,2024-11-13,0
CUST001044,Holly Jimenez,AE,2024-02-24,0
CUST001045,Jacqueline Dickerson,AE,2024-05-04,0
CUST001046,Carlos Johnston,DE,2024-03-13,0
CUST001047,Devin Young,GB,2024-10-04,0
CUST001048,Charles Haley,IN,2023-12-25,0
CUST001049,Cassandra Porter,SA,2026-04-24,0
CUST001050,Kelly Le,CN,2025-09-25,0
CUST001051,Justin Bradley,CN,2024-08-31,0
CUST001052,Amy Cervantes,DE,2024-11-18,0
CUST001053,Joanna Cook,SA,2024-07-25,0
CUST001054,Tara Scott,US,2023-08-16,1
CUST001055,Sean Mccarty,CN,2024-02-13,0
CUST001056,Mariah Thompson,US,2025-09-19,0
CUST001057,Michael Freeman,US,2025-08-06,0
CUST001058,Jane Mitchell,CN,2025-04-23,0
CUST001059,Christopher Morton,DE,2024-07-01,0
CUST001060,Laura Sweeney,GB,2023-10-07,0
CUST001061,Darren Stewart,CN,2024-05-16,1
CUST001062,Matthew Nelson,DE,2024-10-17,0
CUST001063,Heidi Matthews,IN,2026-03-25,0
CUST001064,Clinton Johnson,CN,2025-07-29,0
CUST001065,Teresa Haynes,PK,2023-10-16,0
CUST001066,Brian Brown,CN,2025-12-27,0
CUST001067,Allison Sanders,SA,2025-09-04,0
CUST001068,Dennis Moore,IN,2025-05-16,0
CUST001069,Ellen Wright,AE,2024-05-08,0
CUST001070,Bonnie Roberson,NL,2023-08-25,0
CUST001071,Shannon Nguyen,PK,2024-11-18,0
CUST001072,Kimberly Nelson,SA,2024-10-17,0
CUST001073,Melissa Thompson,NL,2025-03-20,0
CUST001074,Madison Elliott,US,2025-01-04,1
CUST001075,Emily Reed,PK,2025-01-20,0
CUST001076,Jessica Diaz,US,2024-04-14,0
CUST001077,Aaron Ochoa,IN,2025-11-27,0
CUST001078,John Smith,NL,2026-02-09,0
CUST001079,Karen Smith,GB,2024-10-03,0
CUST001080,David Smith,NL,2024-08-06,0
CUST001081,Justin Foster,NL,2024-01-08,0
CUST001082,Jean Gray,NL,2024-04-17,0
CUST001083,David Duran,CN,2026-01-28,0
CUST001084,Melinda Mitchell,FR,2025-08-13,0
CUST001085,Jennifer Castaneda,CN,2024-01-27,0
CUST001086,Mark Williamson,GB,2024-04-26,0
CUST001087,Chelsea Smith,DE,2023-09-15,0
CUST001088,Charlene Garcia,PK,2024-04-23,1
CUST001089,Monica Hall,IN,2023-12-26,0
CUST001090,Glenn Collins DDS,CN,2026-04-26,0
CUST001091,Rick Rivera,NL,2025-11-22,0
CUST001092,Amy Rowe,DE,2023-10-07,0
CUST001093,Corey Skinner,GB,2025-10-27,0
CUST001094,Barbara Tate,US,2024-04-03,0
CUST001095,Jessica Rojas,NL,2023-08-30,0
CUST001096,Ray Boyd,PK,2026-04-11,0
CUST001097,Michael Collins,US,2024-06-17,0
CUST001098,Amanda Pineda,PK,2025-01-02,0
CUST001099,Mark Gonzalez,PK,2026-01-05,0
CUST001100,Claudia Rodriguez,PK,2025-04-24,0
CUST001101,Christopher Hill,DE,2023-11-25,1
CUST001102,Alexa Williams,PK,2025-09-23,0
CUST001103,Kyle Watson,AE,2023-10-26,0
CUST001104,Brandon Montgomery,SA,2026-02-18,1
CUST001105,Lori Brown DDS,SA,2025-07-02,0
CUST001106,Beth Hall,FR,2026-04-10,0
CUST001107,Nicole Trujillo,GB,2024-10-11,0
CUST001108,Michael Howard,CN,2023-12-10,0
CUST001109,Karina Kim,AE,2024-05-19,0
CUST001110,Cheryl Lopez,CN,2024-07-11,0
CUST001111,Denise Guerra,GB,2026-02-01,0
CUST001112,Andrea Moore,NL,2024-05-20,0
CUST001113,Jacob Smith,PK,2025-04-29,0
CUST001114,Cody Smith,NL,2025-12-05,0
CUST001115,Cynthia Le,FR,2025-05-20,0
CUST001116,Jasmine Warren,NL,2024-12-09,0
CUST001117,Lisa Morris,NL,2025-05-02,0
CUST001118,Joseph Jones,CN,2025-11-14,0
CUST001119,Shane Harris,DE,2024-11-27,0
CUST001120,Kenneth Huff,GB,2025-05-19,0
CUST001121,Meredith Scott,PK,2024-07-30,1
CUST001122,Andrea Conrad,NL,2024-02-22,0
CUST001123,Steve Miller PhD,GB,2023-09-27,0
CUST001124,Teresa Perry,AE,2024-08-02,0
CUST001125,Samantha Baker,US,2023-09-06,0
CUST001126,Eric Blackburn,FR,2026-03-20,0
CUST001127,Neil Schmidt,DE,2024-02-03,0
CUST001128,Danielle Garrett,NL,2024-01-23,0
CUST001129,Jennifer Garcia,SA,2025-04-30,0
CUST001130,Jimmy Ortega,US,2026-01-01,0
CUST001131,Christopher Morales,SA,2024-07-01,0
CUST001132,Zachary Ramos,CN,2024-07-16,0
CUST001133,William Nguyen,DE,2024-08-04,0
CUST001134,Jessica Swanson,FR,2025-03-31,0
CUST001135,Cindy Cannon,PK,2026-02-13,0
CUST001136,Tyrone West,DE,2024-08-30,0
CUST001137,Victoria Larson,US,2024-12-29,0
CUST001138,Elizabeth Evans MD,IN,2025-12-04,0
CUST001139,Rodney Norris,SA,2024-04-30,0
CUST001140,Kristie Howe,NL,2023-12-30,0
CUST001141,Henry Taylor,CN,2024-07-31,0
CUST001142,Crystal Shepherd,AE,2023-10-28,0
CUST001143,Thomas Navarro,CN,2025-07-24,0
CUST001144,Carrie Petersen,AE,2025-06-20,0
CUST001145,Susan Larson,CN,2024-05-25,0
CUST001146,Laura Miller,IN,2023-09-22,0
CUST001147,Hannah Montoya,IN,2024-09-19,0
CUST001148,Sheila Perez,FR,2025-05-14,0
CUST001149,Alexandra Waters,FR,2024-08-15,0
CUST001150,Andrew Fernandez,PK,2023-12-25,0
CUST001151,Connie Williams,DE,2025-08-01,0
CUST001152,Jeremy Larson,PK,2024-12-16,0
CUST001153,Dylan Foster,SA,2023-12-07,0
CUST001154,Kenneth Williams,NL,2024-09-01,0
CUST001155,Jonathan Ayala,DE,2023-12-06,0
CUST001156,Justin Freeman,NL,2025-05-14,0
CUST001157,Luis Fitzgerald,DE,2024-03-31,0
CUST001158,Ricardo Morris,FR,2026-02-11,0
CUST001159,Michael Henderson,IN,2024-07-12,0
CUST001160,Kirk Johnson,IN,2024-05-29,0
CUST001161,Lisa Branch MD,FR,2023-12-21,0
CUST001162,Robert Gonzalez,CN,2024-08-07,0
CUST001163,Sarah Rodriguez,CN,2023-09-20,0
CUST001164,Tammy Melton,PK,2025-10-30,0
CUST001165,Michael Rodriguez,US,2024-10-22,0
CUST001166,Daniel Medina,PK,2024-02-18,0
CUST001167,Deanna Webb,NL,2025-07-31,0
CUST001168,Michael Smith,DE,2025-03-05,0
CUST001169,Amanda Jackson,GB,2024-05-08,0
CUST001170,,CN,2025-05-16,0
CUST001171,James Nelson,PK,2025-12-01,1
CUST001172,Sharon Smith,SA,2025-12-16,0
CUST001173,Crystal James,IN,2026-04-05,0
CUST001174,,CN,2025-01-12,0
CUST001175,Jonathan Ellis,PK,2026-02-13,0
CUST001176,,AE,2024-06-27,0
CUST001177,Christopher Reed,AE,2024-07-16,0
CUST001178,,NL,2024-12-13,0
CUST001179,Lori Johns,GB,2026-01-08,0
CUST001180,Alyssa Peters,US,2024-05-04,1
CUST001181,Steven Sandoval,DE,2023-10-24,0
CUST001182,Tyler Salazar,CN,2025-04-17,0
CUST001183,David Hernandez,FR,2026-03-30,0
CUST001184,Erin Daniels,NL,2024-02-20,0
CUST001185,Joshua Mcbride,NL,2025-12-11,0
CUST001186,Michael Mills,DE,2023-12-11,0
CUST001187,Vanessa Thomas DVM,DE,2026-02-04,0
CUST001188,Justin Fry,US,2023-11-24,0
CUST001189,Shawn Acosta,PK,2025-09-05,0
CUST001190,Jennifer Jenkins,NL,2024-10-15,0
CUST001191,Stephanie Mahoney,IN,2024-04-28,0
CUST001192,Ashley Lopez,PK,2025-09-02,0
CUST001193,Debra Bradley,US,2024-03-16,0
CUST001194,Michael Howard,NL,2025-06-19,0
CUST001195,Jonathan Jacobs,FR,2025-07-13,0
CUST001196,Samuel Henry,US,2023-12-13,1
CUST001197,Andrew Duran,PK,2023-08-12,1
CUST001198,Jason Newton,SA,2026-04-17,0
CUST001199,Andrea Ho,PK,2026-04-14,0
CUST001200,Katherine Nguyen,AE,2024-10-30,0
CUST001201,Jared Williams,SA,2025-08-05,0
CUST001202,Erik Carr,GB,2025-08-12,0
CUST001203,Kelly Liu,FR,2025-09-26,0
CUST001204,,DE,2023-09-08,0
CUST001205,Kelly Foster PhD,NL,2025-02-08,0
CUST001206,Lydia Williams,AE,2024-05-15,0
CUST001207,Eric Carey,DE,2024-11-03,0
CUST001208,Louis Brown,NL,2024-12-29,0
CUST001209,Ronald Hayes,CN,2025-07-23,1
CUST001210,Richard Pace,GB,2025-06-27,0
CUST001211,Jason Hayes,US,2024-01-23,0
CUST001212,Michelle Harris,FR,2024-10-27,0
CUST001213,Michael Meadows,NL,2025-10-06,0
CUST001214,Becky Wilson,US,2024-10-22,0
CUST001215,Joseph Cruz,SA,2025-09-30,0
CUST001216,Tiffany Gray,NL,2024-08-13,0
CUST001217,Susan Cunningham,FR,2025-05-21,0
CUST001218,Sean White,AE,2025-07-13,0
CUST001219,Eric Mack,IN,2024-10-18,0
CUST001220,Autumn Anderson,FR,2024-02-17,1
CUST001221,Dawn Ellis,NL,2025-12-04,0
CUST001222,Abigail Andrade,SA,2024-03-23,0
CUST001223,Karen Ortiz,US,2023-10-15,0
CUST001224,Dana Kelley,AE,2025-04-11,0
CUST001225,Samantha Williams,US,2023-12-24,0
CUST001226,Amanda Nash,GB,2025-05-28,0
CUST001227,Elizabeth Knapp,GB,2023-09-15,0
CUST001228,Christopher Powers,FR,2025-04-02,1
CUST001229,Linda Cobb,US,2024-01-22,0
CUST001230,,AE,2023-10-29,0
CUST001231,Jacob Gray,AE,2023-10-04,0
CUST001232,Joshua Carter,US,2023-12-10,0
CUST001233,Denise Rose,IN,2025-01-05,0
CUST001234,Lisa Rodriguez,CN,2025-07-31,0
CUST001235,Victoria Webb,PK,2025-06-19,0
CUST001236,Victoria Mitchell,CN,2025-03-31,0
CUST001237,Joseph Carney,SA,2024-07-17,0
CUST001238,Justin Stone,NL,2025-04-23,1
CUST001239,,NL,2026-04-08,0
CUST001240,Alexander Garrett,US,2023-11-23,0
CUST001241,Rebecca Duarte,CN,2024-09-16,0
CUST001242,Justin Walsh,DE,2023-08-08,0
CUST001243,Douglas Tyler,GB,2024-06-01,0
CUST001244,Erica Smith,GB,2025-06-16,0
CUST001245,Nathaniel Gilbert,AE,2023-08-26,0
CUST001246,Gary Morgan,GB,2025-06-03,0
CUST001247,Rebecca Brewer,NL,2024-11-23,0
CUST001248,Stephanie Herrera,AE,2024-06-29,0
CUST001249,Jennifer Newton,US,2025-11-14,0
CUST001250,Nathaniel Stewart,DE,2025-01-17,0
CUST001251,Michael Marsh,IN,2026-01-06,0
CUST001252,Wayne Ramirez,DE,2023-08-28,0
CUST001253,Miss Sarah Duncan,GB,2024-08-22,0
CUST001254,Sharon Walton,NL,2025-07-06,0
CUST001255,Andres Gutierrez,SA,2024-12-09,0
CUST001256,Jesse Sampson,FR,2024-03-01,0
CUST001257,Brian Glover,NL,2025-09-17,0
CUST001258,Jill Johnson,SA,2024-11-24,0
CUST001259,Cheryl Mclean,FR,2025-08-02,0
CUST001260,Patricia Thomas,DE,2025-12-21,0
CUST001261,Teresa Rhodes,GB,2023-12-08,0
CUST001262,Julia Reeves,FR,2025-01-03,0
CUST001263,Timothy Mcdaniel,IN,2025-03-16,0
CUST001264,John Williams,DE,2025-01-01,0
CUST001265,Emily Lane,AE,2024-06-06,0
CUST001266,Erica Lee,NL,2024-05-01,0
CUST001267,Jeremy Wilson,SA,2023-12-25,0
CUST001268,Adrian Dean,CN,2024-12-26,0
CUST001269,Gregory Flores,CN,2023-12-17,0
CUST001270,Diane Sanchez,IN,2023-10-07,0
CUST001271,Gina Wallace,DE,2023-12-05,0
CUST001272,Michael Rodriguez,AE,2023-09-20,0
CUST001273,Christopher Carlson,US,2025-03-15,0
CUST001274,Melissa Jensen,NL,2024-06-06,0
CUST001275,Michelle Lambert,GB,2025-01-14,0
CUST001276,Nicole Owens,DE,2023-12-07,0
CUST001277,Tamara Mcdonald,GB,2024-10-28,1
CUST001278,Michelle Marshall,NL,2024-03-17,0
CUST001279,Scott Jensen,SA,2026-01-31,0
CUST001280,Michael Ortega,NL,2025-09-28,0
CUST001281,Jody Johnson,NL,2024-11-17,0
CUST001282,Joel Jackson,FR,2025-09-07,0
CUST001283,Bethany Garcia,CN,2025-10-27,0
CUST001284,Erika Banks,US,2025-10-02,0
CUST001285,Jennifer Gutierrez,DE,2025-04-12,0
CUST001286,Valerie Reyes,FR,2024-07-04,0
CUST001287,Leslie Mueller,SA,2024-10-07,0
CUST001288,Kimberly Young,NL,2025-05-24,0
CUST001289,Timothy Andrews,FR,2024-11-28,0
CUST001290,Julie Peters,NL,2025-10-31,0
CUST001291,Tyler Jones,US,2023-11-14,0
CUST001292,Patricia Gray,CN,2024-12-06,0
CUST001293,Ann Montoya,CN,2026-01-05,0
CUST001294,Makayla Smith,SA,2023-12-22,0
CUST001295,Joseph Price,FR,2025-02-28,0
CUST001296,Michael Stewart,SA,2025-02-20,0
CUST001297,Elizabeth Harding,GB,2024-10-07,0
CUST001298,Mrs. Ann Smith,PK,2026-04-15,0
CUST001299,Cameron Phillips,AE,2024-08-02,0
CUST001300,Amy Warner,US,2025-10-30,0
CUST001301,Scott Glenn,GB,2024-03-20,0
CUST001302,Jennifer Flores,FR,2024-08-16,0
CUST001303,Joshua Bates,DE,2024-11-16,0
CUST001304,James Middleton,FR,2025-11-19,0
CUST001305,Zachary Santiago,IN,2023-12-10,0
CUST001306,Alan Griffith,IN,2024-11-28,0
CUST001307,William Miller,AE,2025-05-04,0
CUST001308,Jesus Mccormick,US,2025-03-27,0
CUST001309,Christopher Hicks,FR,2025-02-02,0
CUST001310,Henry Lopez,GB,2025-03-27,0
CUST001311,Sarah Young,DE,2024-12-13,0
CUST001312,Joshua Richardson,CN,2026-04-07,0
CUST001313,Michele Wilson,CN,2024-11-23,0
CUST001314,Brenda Simon,IN,2026-04-12,0
CUST001315,Dr. Julie Miller,NL,2026-01-08,0
CUST001316,John Harmon,GB,2026-03-20,0
CUST001317,Mark Yates,NL,2024-06-06,0
CUST001318,Greg Osborne,SA,2024-11-10,0
CUST001319,Julie Gross,IN,2024-09-23,0
CUST001320,Rebecca Roberts,NL,2023-09-01,0
CUST001321,,DE,2025-02-14,0
CUST001322,John Jackson,US,2023-09-17,0
CUST001323,Rhonda Weber MD,CN,2023-10-19,0
CUST001324,Sarah Ramirez,FR,2023-12-08,1
CUST001325,Scott Smith,US,2023-11-17,0
CUST001326,Kevin Hernandez,IN,2024-10-19,0
CUST001327,Debbie Haynes,FR,2024-11-26,0
CUST001328,Shannon Cooper,SA,2023-10-20,0
CUST001329,Timothy Moore,US,2024-12-07,0
CUST001330,Patricia Young MD,IN,2025-04-29,0
CUST001331,Nicholas Reed,AE,2025-05-04,0
CUST001332,Audrey Jackson,SA,2024-09-01,0
CUST001333,Paul Goodwin,GB,2025-01-13,1
CUST001334,Michael Wells,DE,2023-12-21,1
CUST001335,Alexandra Ho,GB,2024-10-21,0
CUST001336,Tonya Vega,GB,2023-09-07,0
CUST001337,Marcia Blanchard,NL,2024-10-04,0
CUST001338,Shannon Rogers,SA,2024-04-21,0
CUST001339,Matthew Myers,GB,2025-09-12,0
CUST001340,Morgan Chapman,CN,2024-02-09,0
CUST001341,Michael White,GB,2025-01-28,0
CUST001342,Sandra Smith,IN,2023-11-03,0
CUST001343,Jeremy Robinson,GB,2024-05-07,0
CUST001344,Alexander Davis,IN,2026-02-26,0
CUST001345,Sara Sampson,FR,2025-04-29,0
CUST001346,Barbara Gates,IN,2023-12-05,0
CUST001347,Stephanie Knight,NL,2026-03-26,0
CUST001348,Melissa King,CN,2024-11-08,1
CUST001349,Margaret Livingston,NL,2024-05-01,0
CUST001350,Steven Carrillo,NL,2024-06-17,0
CUST001351,Benjamin Waters,IN,2024-08-16,0
CUST001352,Anthony Sosa,US,2024-04-19,0
CUST001353,John Mcfarland,DE,2025-04-01,0
CUST001354,Johnathan Thomas,AE,2025-09-08,0
CUST001355,Mason Gaines,AE,2025-07-16,0
CUST001356,Benjamin Duncan,IN,2024-04-05,0
CUST001357,Steven Hernandez,IN,2025-05-02,0
CUST001358,Mary Adams,US,2025-07-01,0
CUST001359,Laura Robertson,AE,2026-02-27,0
CUST001360,Jeffrey Anthony DDS,FR,2025-09-25,0
CUST001361,April Finley,PK,2025-10-27,0
CUST001362,Mr. Timothy Howard,IN,2025-06-12,0
CUST001363,Mark Benjamin,NL,2023-10-27,0
CUST001364,Tonya Miller,DE,2024-11-01,0
CUST001365,Maria Thompson,PK,2023-09-05,0
CUST001366,Connor Dominguez,FR,2026-01-14,0
CUST001367,Heather Miller,US,2025-04-24,0
CUST001368,Brenda Lee,US,2025-07-21,0
CUST001369,Katherine Brown,DE,2025-01-21,0
CUST001370,Joseph Flowers,SA,2024-10-22,1
CUST001371,Amanda Brown PhD,SA,2023-09-09,0
CUST001372,Robert Contreras,GB,2024-10-31,0
CUST001373,Shelly Hernandez,DE,2025-03-01,0
CUST001374,Amanda Thomas,PK,2025-05-15,0
CUST001375,Thomas Williams,CN,2025-07-02,0
CUST001376,Christopher Williams,CN,2024-06-01,0
CUST001377,Joy Jackson,AE,2025-03-13,0
CUST001378,Ashley Crawford,AE,2025-10-08,0
CUST001379,Robert Simmons,CN,2025-10-21,0
CUST001380,Miss Erika Daugherty,US,2025-02-26,0
CUST001381,Russell Mcguire,NL,2025-09-03,0
CUST001382,Gabriela Martinez,AE,2023-12-17,1
CUST001383,Michael Tran,GB,2024-10-11,0
CUST001384,Amanda Garcia,GB,2025-11-26,0
CUST001385,Paula Smith,FR,2024-11-28,0
CUST001386,Christopher Davis,NL,2025-05-13,0
CUST001387,Jennifer Aguirre,SA,2025-09-12,0
CUST001388,Christine Bowman,NL,2025-01-04,1
CUST001389,Todd Bishop,US,2023-09-03,0
CUST001390,Jonathan Clements,US,2025-04-18,0
CUST001391,Hannah Smith,AE,2024-03-21,0
CUST001392,Joseph Davis,FR,2024-07-26,0
CUST001393,Kimberly Robinson,IN,2025-09-09,0
CUST001394,Destiny Lee,PK,2025-10-06,0
CUST001395,Tracy Wells,US,2024-01-21,0
CUST001396,Amanda Newman,IN,2024-05-09,0
CUST001397,Geoffrey Trujillo,FR,2025-08-28,0
CUST001398,Patrick Buckley,CN,2024-01-20,0
CUST001399,Karina Wilson,NL,2026-01-13,0
CUST001400,Leslie Nguyen,IN,2024-02-12,0
CUST001401,Erika Maxwell,AE,2024-06-20,0
CUST001402,Oscar Kane,SA,2024-08-08,0
CUST001403,John Washington,IN,2026-01-08,0
CUST001404,Timothy Gibson,PK,2024-08-20,0
CUST001405,Nathan Chen,IN,2026-04-04,0
CUST001406,,GB,2023-09-26,0
CUST001407,Samuel Ellis,PK,2024-01-16,0
CUST001408,Stephen Munoz,NL,2025-09-29,0
CUST001409,Lisa Jackson,GB,2026-03-29,0
CUST001410,Angelica Vincent,AE,2024-12-01,0
CUST001411,Leslie Hood MD,AE,2025-07-31,0
CUST001412,Danielle Murphy,FR,2025-03-01,0
CUST001413,Leslie Hernandez,FR,2025-02-24,0
CUST001414,William Williams,GB,2024-11-12,0
CUST001415,Amanda Schmidt,AE,2024-11-21,0
CUST001416,Samantha Chavez,DE,2024-03-25,0
CUST001417,Alexandria Dennis,US,2026-03-09,0
CUST001418,Edward Holland,PK,2023-10-27,0
CUST001419,Eric Warner,US,2025-12-07,0
CUST001420,Allison Gibson,DE,2025-09-11,0
CUST001421,Jennifer Clarke,IN,2024-08-03,0
CUST001422,,FR,2023-10-07,0
CUST001423,Faith Johnson,NL,2024-09-28,0
CUST001424,Tracy Daniels,IN,2025-10-04,1
CUST001425,Angela Gilmore,NL,2025-08-06,1
CUST001426,Tony Leonard,US,2026-01-06,0
CUST001427,Jacob Harvey,FR,2024-07-29,1
CUST001428,Justin Jones,GB,2025-07-10,0
CUST001429,William Allen,GB,2023-11-19,0
CUST001430,Todd Carpenter,GB,2026-03-18,0
CUST001431,Patrick Perez,SA,2024-07-16,0
CUST001432,,GB,2023-09-29,0
CUST001433,John Rose,DE,2023-11-28,0
CUST001434,Meghan Patel,GB,2024-05-17,0
CUST001435,Rebecca Dougherty,SA,2025-10-18,0
CUST001436,Ana Mcclain,DE,2024-10-30,0
CUST001437,Steven Roberts,US,2026-03-16,0
CUST001438,Donald Terry,US,2024-12-08,0
CUST001439,Kelly Burton,NL,2024-05-17,0
CUST001440,Kimberly Anderson,NL,2024-07-10,1
CUST001441,Matthew Carter,GB,2023-09-29,0
CUST001442,Crystal Meza,US,2025-05-06,0
CUST001443,Grant Lucas,SA,2024-06-20,0
CUST001444,Melissa Wilkinson,SA,2024-10-17,0
CUST001445,Carlos Clarke,PK,2024-01-16,0
CUST001446,John Arellano,AE,2025-09-09,0
CUST001447,Harry Bryant,SA,2024-01-11,0
CUST001448,Michelle Mitchell,NL,2026-04-02,0
CUST001449,Melissa Estrada,PK,2023-12-29,0
CUST001450,Andrew Stewart,DE,2023-12-02,0
CUST001451,Cody Hart,US,2023-08-31,0
CUST001452,Gregg Watson,SA,2025-01-21,0
CUST001453,Eric Knapp,PK,2024-09-06,0
CUST001454,Mr. Jimmy Flores Jr.,FR,2025-08-08,0
CUST001455,Erin Thornton,SA,2024-11-15,0
CUST001456,Tony Hooper,CN,2025-02-24,0
CUST001457,Keith Meadows,IN,2024-10-14,0
CUST001458,Monique Mccullough,US,2023-12-15,0
CUST001459,,US,2025-11-19,0
CUST001460,,DE,2025-05-03,0
CUST001461,Courtney Walls,PK,2024-05-02,0
CUST001462,Joshua Griffin,NL,2025-06-02,0
CUST001463,Jorge Lee,CN,2024-06-11,0
CUST001464,Terri Kerr,NL,2024-07-25,1
CUST001465,Scott Wood,US,2024-08-06,0
CUST001466,Gregory Madden,CN,2025-12-23,1
CUST001467,Nicholas Wallace,AE,2026-04-21,0
CUST001468,Donna Shaffer,US,2026-03-30,0
CUST001469,Steven Taylor,DE,2025-03-09,0
CUST001470,Daniel Wells,GB,2025-12-16,0
CUST001471,Mrs. Toni Avila,NL,2023-10-24,0
CUST001472,Thomas Perry,US,2025-02-06,0
CUST001473,Nicole Taylor,NL,2024-01-31,0
CUST001474,Julian Williams,DE,2025-11-05,0
CUST001475,Elizabeth Hansen,US,2024-11-05,0
CUST001476,Aaron Baker,US,2026-03-15,0
CUST001477,Kaitlyn Valdez,SA,2026-01-11,0
CUST001478,John Watts,GB,2024-03-30,0
CUST001479,Donald Gamble,GB,2023-10-03,0
CUST001480,Lauren Cunningham,GB,2025-12-17,0
CUST001481,Karen Benson,FR,2023-11-25,0
CUST001482,Laura Bruce,AE,2024-01-07,0
CUST001483,Francisco Johns,GB,2023-12-11,0
CUST001484,Dominic Barnes,AE,2026-01-30,0
CUST001485,Dylan Moreno,US,2026-02-23,0
CUST001486,Pamela White,PK,2023-10-31,0
CUST001487,Kimberly Brennan,NL,2025-11-05,0
CUST001488,Elizabeth Jennings,US,2025-06-19,0
CUST001489,Kevin Morrow,SA,2023-08-09,0
CUST001490,Jacqueline Washington,IN,2024-07-04,0
CUST001491,Ashley Moore,FR,2024-03-06,0
CUST001492,Steven Austin,SA,2025-11-10,0
CUST001493,Kim Arnold,GB,2025-08-26,0
CUST001494,Joe Jones,US,2025-10-28,0
CUST001495,Karen Collins,US,2024-07-26,0
CUST001496,Stacy Harper,CN,2025-09-03,0
CUST001497,,PK,2025-10-24,0
CUST001498,Scott Thomas,IN,2024-03-11,0
CUST001499,Carlos Miller,GB,2025-06-21,0
CUST001500,Angela Hampton,PK,2025-08-27,0
CUST001501,Brian Mcguire,NL,2024-12-25,0
CUST001502,Bryan King,DE,2023-10-02,0
CUST001503,Nicole Patton,FR,2026-02-07,0
CUST001504,Steven Lopez,US,2024-07-15,0
CUST001505,Ryan Mcmahon,US,2026-03-08,0
CUST001506,Christopher Mason,PK,2025-07-29,0
CUST001507,Kelly Garcia,CN,2025-02-28,0
CUST001508,Daniel Lee,NL,2024-05-06,0
CUST001509,Kimberly Beltran,IN,2023-11-04,0
CUST001510,Jonathan Zimmerman,AE,2024-07-30,0
CUST001511,Jessica Rosario,CN,2024-01-25,0
CUST001512,James Lewis,FR,2024-03-12,1
CUST001513,William Martinez,SA,2023-11-15,0
CUST001514,Philip Bush,SA,2025-02-07,0
CUST001515,Garrett Wilson,FR,2024-05-08,0
CUST001516,Emily Cherry,IN,2024-10-16,0
CUST001517,Donna Wyatt,DE,2024-02-02,0
CUST001518,Ryan Alvarez,CN,2025-06-10,0
CUST001519,Zachary Vasquez,DE,2023-11-10,0
CUST001520,Matthew Miller,NL,2023-12-19,0
CUST001521,Kevin Garcia,CN,2026-02-12,0
CUST001522,Amy Hester,PK,2024-07-02,0
CUST001523,Wanda Martinez,PK,2025-11-17,0
CUST001524,Diana Reeves,NL,2025-03-04,0
CUST001525,Richard Schneider,AE,2024-09-02,0
CUST001526,Larry Sullivan,CN,2024-11-26,0
CUST001527,Randy Rodriguez,NL,2024-04-05,0
CUST001528,Mark Taylor Jr.,PK,2023-09-19,0
CUST001529,Michael Stanton,GB,2024-08-15,0
CUST001530,Brittany Howell,US,2023-11-01,0
CUST001531,Paul Saunders,DE,2025-10-02,0
CUST001532,Matthew Henry,CN,2024-04-16,0
CUST001533,Scott Payne,FR,2026-03-12,0
CUST001534,Jeffrey Melendez,US,2024-08-16,0
CUST001535,James Stevens,CN,2023-08-30,0
CUST001536,Shannon Turner,NL,2025-07-07,0
CUST001537,Chad Baldwin MD,SA,2023-11-15,0
CUST001538,Mary Jennings,GB,2025-02-22,0
CUST001539,Scott Hunter,AE,2024-08-24,0
CUST001540,Wesley Jensen MD,NL,2026-04-06,0
CUST001541,Alfred Williams,FR,2025-11-15,0
CUST001542,Patrick Johnson,AE,2026-01-09,0
CUST001543,Brent Reed,DE,2024-07-21,0
CUST001544,Matthew Wright,SA,2025-05-09,1
CUST001545,Susan Jones,US,2024-05-29,0
CUST001546,Alejandro Nguyen,IN,2024-11-02,0
CUST001547,Laura Valenzuela,US,2024-04-21,0
CUST001548,Leah Odom,DE,2024-08-11,0
CUST001549,Kenneth Stokes,IN,2023-11-05,0
CUST001550,Gabriella Shaw,US,2025-09-04,1
CUST001551,Lucas Cox,AE,2024-10-08,0
CUST001552,Ryan Cobb PhD,SA,2025-01-17,0
CUST001553,Anthony Davies,FR,2024-09-04,0
CUST001554,Patrick Davis,DE,2025-11-23,0
CUST001555,George Jones,NL,2025-10-10,0
CUST001556,Daniel Flynn,AE,2025-05-13,0
CUST001557,Robert Reynolds,GB,2025-01-21,0
CUST001558,James Weber,NL,2024-10-25,0
CUST001559,Catherine Smith,CN,2025-07-04,0
CUST001560,Laura Lewis,DE,2026-03-21,0
CUST001561,Julie Giles,US,2025-01-13,0
CUST001562,Patricia Hamilton,GB,2025-02-16,0
CUST001563,Kelly Diaz,PK,2023-12-23,0
CUST001564,Michael Evans,DE,2024-10-08,0
CUST001565,Ronald Brown,NL,2024-02-17,0
CUST001566,Rodney Lucas,US,2024-04-10,0
CUST001567,Jennifer Wilson,AE,2024-02-06,0
CUST001568,Ronald Marshall,US,2025-02-10,0
CUST001569,Matthew Johnson,US,2024-01-04,0
CUST001570,David Lara,IN,2025-05-20,0
CUST001571,Samuel Stuart,US,2024-11-27,0
CUST001572,Scott Miller,FR,2025-03-24,0
CUST001573,Stephanie Russell,IN,2024-07-27,0
CUST001574,Ann Hahn,SA,2025-07-25,0
CUST001575,Brian Navarro,NL,2026-02-20,0
CUST001576,Sandra Herring,NL,2026-02-19,0
CUST001577,Stephen Young,GB,2023-11-28,0
CUST001578,Erin Silva,GB,2024-08-23,0
CUST001579,Cynthia Henderson,IN,2023-12-20,0
CUST001580,Wayne Gonzales,PK,2024-04-08,0
CUST001581,Katherine Brooks,SA,2026-03-08,0
CUST001582,Jeff Vega,AE,2026-03-23,0
CUST001583,Taylor Cox,CN,2025-07-16,0
CUST001584,Alisha Rasmussen,US,2025-03-28,1
CUST001585,Mary Everett,GB,2025-06-21,0
CUST001586,Cynthia Tran,CN,2024-06-03,0
CUST001587,Heidi Burnett,CN,2023-11-27,0
CUST001588,Shannon Price,NL,2026-01-28,0
CUST001589,William Scott,FR,2023-10-26,0
CUST001590,Cynthia Clark,IN,2026-01-08,0
CUST001591,Lynn Suarez,SA,2025-09-06,1
CUST001592,Andrew Delacruz,NL,2025-11-02,0
CUST001593,Kaitlin Gutierrez,PK,2025-11-20,0
CUST001594,Sherri Wilkins,DE,2025-11-03,0
CUST001595,Katie Bell,AE,2025-03-24,0
CUST001596,Nancy Chavez,IN,2023-08-24,0
CUST001597,Martin Mccoy,SA,2025-09-30,0
CUST001598,James Fuller,GB,2024-06-07,0
CUST001599,Christopher Black,DE,2026-03-29,0
CUST001600,Pamela Bradford,PK,2025-06-16,0
CUST001601,Emma Mendoza,DE,2025-08-05,0
CUST001602,Michael Serrano,NL,2025-10-09,0
CUST001603,Jason White,GB,2025-12-25,0
CUST001604,Stacey Walker,SA,2026-03-07,0
CUST001605,Maria Sims,FR,2026-01-25,0
CUST001606,Christina Haynes,PK,2024-01-13,0
CUST001607,Jeffrey Green,FR,2023-10-25,0
CUST001608,Travis Wilson,SA,2025-07-19,0
CUST001609,Thomas Chavez,DE,2025-06-04,0
CUST001610,Micheal Lee,IN,2025-12-11,0
CUST001611,Donna Snyder,GB,2023-12-05,0
CUST001612,Lindsay Carney,US,2024-05-07,0
CUST001613,Jennifer Ortiz,SA,2023-12-21,0
CUST001614,Dennis Williamson,CN,2026-01-25,0
CUST001615,Michael Ellis,FR,2023-08-07,0
CUST001616,Frank Steele,DE,2025-06-17,1
CUST001617,Michelle Fitzgerald,FR,2024-04-10,0
CUST001618,Anthony Cook,FR,2024-03-20,0
CUST001619,Yesenia Crosby,GB,2026-03-27,0
CUST001620,Nicole Williams,GB,2024-04-08,0
CUST001621,Elizabeth Foster,CN,2024-08-04,0
CUST001622,Kristin Carpenter,US,2024-04-14,0
CUST001623,Tara Humphrey,NL,2023-12-07,1
CUST001624,Joseph Thomas,FR,2023-11-22,0
CUST001625,Carl Savage,GB,2025-11-13,0
CUST001626,Tammy Campbell,NL,2025-12-26,0
CUST001627,Pam Baker,IN,2024-06-06,0
CUST001628,Emily Vang,GB,2025-09-03,0
CUST001629,Samuel Sandoval,CN,2025-10-08,0
CUST001630,Charles Hall,SA,2023-09-02,0
CUST001631,Michael Graham,DE,2026-04-24,0
CUST001632,Amanda Kelly,GB,2025-07-10,0
CUST001633,Mr. Ryan Camacho,AE,2023-11-29,0
CUST001634,Sean White,PK,2024-01-13,0
CUST001635,Denise Macdonald,SA,2025-03-08,0
CUST001636,Valerie Fox,SA,2025-02-21,0
CUST001637,Billy Tate,SA,2025-06-07,0
CUST001638,Allison Maldonado,SA,2025-06-11,1
CUST001639,Kevin Bean,SA,2025-11-15,0
CUST001640,Brad Rivas,IN,2025-05-21,0
CUST001641,Tyler Wheeler,US,2023-08-02,0
CUST001642,Mary Tapia,FR,2024-06-18,0
CUST001643,Morgan Bernard,US,2025-02-19,0
CUST001644,Anthony Schneider,FR,2024-06-17,0
CUST001645,Benjamin Crane,AE,2024-08-14,0
CUST001646,Christopher Hanna,US,2025-12-14,0
CUST001647,Samuel Martin,US,2025-09-19,0
CUST001648,Paul Valdez,PK,2023-11-26,0
CUST001649,Jeffrey Drake MD,NL,2025-06-16,0
CUST001650,Max Collier,NL,2024-12-24,0
CUST001651,Stephen Alvarez MD,NL,2024-09-25,0
CUST001652,Rita Austin,NL,2024-10-06,0
CUST001653,Andrew Peterson,IN,2024-11-05,0
CUST001654,Michael Moore,SA,2024-12-07,0
CUST001655,Kelly Roberts,DE,2024-10-09,0
CUST001656,Karen Hernandez,US,2023-12-03,0
CUST001657,Sarah Mills,PK,2024-05-20,0
CUST001658,Billy Williams,FR,2023-11-13,0
CUST001659,Brandon Guerrero,US,2025-02-18,0
CUST001660,David Miller,GB,2024-12-15,0
CUST001661,Matthew White,GB,2024-01-27,0
CUST001662,Bradley Mcdowell,CN,2024-05-22,0
CUST001663,Jordan Santiago,US,2025-04-15,0
CUST001664,Vincent Savage,SA,2024-02-01,1
CUST001665,Paul Munoz,PK,2025-12-20,0
CUST001666,Joseph Smith,GB,2023-11-22,0
CUST001667,John Holt,NL,2025-12-17,0
CUST001668,Lindsay Tucker,US,2025-04-10,0
CUST001669,Heather Nunez,DE,2025-06-21,0
CUST001670,Eric Martinez,CN,2023-08-10,0
CUST001671,Alan Waller,CN,2025-12-08,0
CUST001672,Matthew Santos,AE,2024-10-08,0
CUST001673,Rachel Lee,US,2024-05-25,0
CUST001674,John Johnson,SA,2024-01-11,0
CUST001675,Michael Maynard,IN,2024-11-13,0
CUST001676,Lauren Harris,FR,2025-02-19,0
CUST001677,,US,2025-04-22,0
CUST001678,Veronica Allison,SA,2025-08-07,0
CUST001679,Kristen Roberts,US,2024-11-29,0
CUST001680,Mr. Logan Gregory,GB,2025-10-26,0
CUST001681,Miguel Rice MD,US,2024-06-09,1
CUST001682,Steven Butler,US,2024-11-15,0
CUST001683,Todd Reed DDS,NL,2023-08-17,0
CUST001684,Corey Cooper,AE,2024-03-17,0
CUST001685,Terry Morgan,CN,2025-03-24,0
CUST001686,Mary Anderson,FR,2024-05-18,0
CUST001687,Toni Whitaker,FR,2025-06-04,0
CUST001688,Rebecca Marsh,PK,2025-11-23,0
CUST001689,Diane Curry,IN,2025-05-29,0
CUST001690,Curtis Obrien,AE,2023-11-06,0
CUST001691,Xavier Torres,GB,2024-02-23,0
CUST001692,Albert Ibarra,US,2024-07-21,0
CUST001693,Ronald Kline,FR,2023-08-29,0
CUST001694,Jeffrey Williamson,NL,2023-11-26,0
CUST001695,David Peterson,SA,2024-07-19,0
CUST001696,Shawn Adams,PK,2023-12-27,0
CUST001697,Kaylee Caldwell,CN,2025-07-07,0
CUST001698,Jessica Bryant,CN,2025-11-20,1
CUST001699,Brian Bishop,IN,2025-09-21,0
CUST001700,Samantha Williams,DE,2023-11-11,1
CUST001701,Shelby Bartlett,US,2024-01-01,0
CUST001702,Jeremy Hunter,PK,2025-08-02,0
CUST001703,Matthew Cook,CN,2023-12-13,0
CUST001704,Jessica Perry,SA,2025-09-08,0
CUST001705,Robert Peterson,IN,2024-12-17,0
CUST001706,Jaime Fischer,GB,2024-07-24,0
CUST001707,Brittany Molina,DE,2024-09-24,0
CUST001708,Robert Gutierrez,NL,2024-09-11,0
CUST001709,Samuel Norton,NL,2024-07-25,0
CUST001710,Charles Smith,GB,2025-10-16,0
CUST001711,Angela Edwards,AE,2026-04-10,0
CUST001712,Antonio Malone,US,2025-05-22,0
CUST001713,Stephanie Brown,CN,2025-04-23,0
CUST001714,Mary Meyer,FR,2024-05-20,0
CUST001715,Michael Spencer,CN,2024-05-29,1
CUST001716,Susan Smith,PK,2024-05-04,0
CUST001717,Tami Graves,SA,2024-10-18,0
CUST001718,Joshua Kramer,NL,2025-05-13,1
CUST001719,Stacy Harrington,GB,2024-09-06,0
CUST001720,Eric Johnson,SA,2024-06-28,0
CUST001721,Natalie Martinez,US,2026-04-20,0
CUST001722,Brandon Arnold,SA,2025-01-02,0
CUST001723,Caitlin Johnson,AE,2025-10-06,0
CUST001724,Daisy Schroeder,FR,2025-07-27,0
CUST001725,Mrs. Amy Watson,AE,2025-04-18,0
CUST001726,Anthony Curtis,IN,2023-11-30,0
CUST001727,Norman Chavez,IN,2026-04-11,1
CUST001728,Virginia Cunningham,AE,2026-01-12,0
CUST001729,Kim Larson,SA,2024-07-14,0
CUST001730,Richard Espinoza,NL,2025-06-03,0
CUST001731,Kelly Wright,FR,2024-06-21,0
CUST001732,Samantha Ward,PK,2023-11-03,0
CUST001733,Sandra Miller,AE,2023-09-28,0
CUST001734,Karen Griffin,PK,2024-08-02,0
CUST001735,Leah Stone,AE,2024-08-28,0
CUST001736,Jonathan Henderson,IN,2024-10-12,0
CUST001737,Katherine Mcpherson,US,2025-11-02,0
CUST001738,Cameron Dawson,DE,2023-12-05,0
CUST001739,Sharon Wilson,IN,2024-02-26,0
CUST001740,Paul Raymond,FR,2024-08-02,0
CUST001741,Lindsay Ortiz,NL,2023-11-26,0
CUST001742,Amanda Hernandez,US,2024-08-04,0
CUST001743,Elizabeth Tucker PhD,DE,2023-12-17,0
CUST001744,Amber Shannon,NL,2026-01-07,0
CUST001745,Robert Burns,CN,2023-11-28,0
CUST001746,Seth Butler,PK,2025-02-23,0
CUST001747,Stephanie Harrington,GB,2024-11-17,0
CUST001748,Lisa Gill,CN,2024-12-16,0
CUST001749,Jerry Cole,CN,2025-12-15,0
CUST001750,Robert Beck,PK,2024-09-12,0
CUST001751,James Weaver,DE,2026-03-17,0
CUST001752,Nancy Brewer,DE,2025-12-15,0
CUST001753,Laura Hogan,PK,2025-07-08,0
CUST001754,Becky Hansen,DE,2024-02-06,1
CUST001755,Laura Brown,IN,2025-02-20,0
CUST001756,John Prince,US,2023-11-26,1
CUST001757,Catherine Smith,DE,2025-09-26,0
CUST001758,Michael Clay,SA,2024-10-16,0
CUST001759,Lisa Morales,IN,2023-09-11,0
CUST001760,Allison Kim,FR,2024-09-17,0
CUST001761,Emily Scott,AE,2023-11-20,0
CUST001762,Christopher Thomas,US,2024-04-10,0
CUST001763,Eric Russell,NL,2024-01-14,0
CUST001764,Erika Johnson,SA,2023-09-24,0
CUST001765,Francisco Gutierrez,DE,2024-06-18,0
CUST001766,Ronald Martinez,DE,2024-02-16,0
CUST001767,Laurie Vasquez,AE,2025-08-22,0
CUST001768,Brian Brown,CN,2024-11-06,0
CUST001769,John Russell,PK,2024-03-19,0
CUST001770,Debra Richmond,GB,2025-06-06,0
CUST001771,Justin Glover,SA,2024-05-29,0
CUST001772,Bradley Fields,DE,2024-02-17,0
CUST001773,Jacqueline Galloway,AE,2025-09-21,1
CUST001774,Jessica Buck,AE,2024-10-24,0
CUST001775,John Calderon,NL,2024-05-13,0
CUST001776,April Mahoney,IN,2024-11-24,0
CUST001777,Sara James,IN,2024-07-15,0
CUST001778,Lauren Dixon,CN,2023-09-11,0
CUST001779,Kristine Turner,NL,2024-08-28,0
CUST001780,Charles Hawkins,PK,2024-05-04,0
CUST001781,Leroy Bernard,FR,2024-06-12,0
CUST001782,Grace Green,SA,2025-08-23,0
CUST001783,David Bird,AE,2024-07-05,0
CUST001784,Kyle Smith,IN,2025-06-22,0
CUST001785,April Alvarez,AE,2026-01-19,0
CUST001786,Jennifer Woodard,AE,2025-07-04,0
CUST001787,Kimberly Cobb,AE,2025-05-10,0
CUST001788,Andre Collier,CN,2025-06-02,0
CUST001789,Heather Hess,PK,2025-11-06,0
CUST001790,Christopher Tate,SA,2025-06-28,0
CUST001791,Joel Mayer,FR,2024-10-17,0
CUST001792,Alejandro Campbell,PK,2026-02-08,0
CUST001793,Brandon Austin,AE,2024-05-27,0
CUST001794,Cynthia Snyder,NL,2024-07-27,0
CUST001795,Tanner Mann,PK,2024-02-23,0
CUST001796,Roberto Foster,SA,2025-12-19,0
CUST001797,Kathleen Arnold,FR,2025-05-21,0
CUST001798,Melanie Cunningham,DE,2023-10-01,0
CUST001799,Austin Green,IN,2025-02-20,0
CUST001800,Joseph Casey,FR,2024-02-06,1
CUST001801,Wendy Steele,GB,2025-01-14,0
CUST001802,Justin Gibson,CN,2026-02-25,0
CUST001803,Terri Williams,US,2026-02-26,0
CUST001804,Zachary Hill,AE,2025-06-11,0
CUST001805,Isaiah Blake,CN,2026-01-02,0
CUST001806,Donald Fisher,GB,2024-10-21,0
CUST001807,Cory Miller,FR,2025-02-22,0
CUST001808,Omar Spence,DE,2024-09-26,0
CUST001809,David Martin,AE,2024-06-04,0
CUST001810,Anne Castillo,FR,2025-10-17,0
CUST001811,Lori Cook,SA,2024-04-04,0
CUST001812,David Peterson,US,2023-09-20,0
CUST001813,Robert Harding,SA,2025-09-15,0
CUST001814,Pamela Garrett,SA,2025-03-01,0
CUST001815,Antonio Johnson,DE,2024-06-07,1
CUST001816,Ana Anderson,NL,2026-02-06,0
CUST001817,Eric Sims,NL,2023-10-02,0
CUST001818,Kristin Phillips,GB,2024-08-14,0
CUST001819,Paul Hall,DE,2025-03-22,0
CUST001820,Alexandra Reyes,SA,2025-10-04,0
CUST001821,Lisa Morgan,IN,2026-02-25,0
CUST001822,Jordan Murphy,GB,2024-02-06,0
CUST001823,Kurt Jones,IN,2025-09-29,0
CUST001824,Kenneth Walsh,GB,2024-04-10,0
CUST001825,Nathaniel Wallace,PK,2024-03-28,0
CUST001826,,AE,2024-10-08,0
CUST001827,Nicole Collins,GB,2026-01-03,1
CUST001828,Brittany Parker,GB,2024-07-06,0
CUST001829,Adam Willis,US,2025-06-09,0
CUST001830,Jonathon Conley,NL,2025-12-07,1
CUST001831,Craig Gonzalez,NL,2026-01-26,0
CUST001832,Gloria Contreras,IN,2025-06-25,0
CUST001833,Ms. Erin Lane,PK,2026-03-22,0
CUST001834,Jennifer Martin,FR,2024-10-27,0
CUST001835,Amanda Robinson,FR,2023-07-31,0
CUST001836,David Hanson,CN,2024-03-24,0
CUST001837,Tiffany Rivera,PK,2025-08-10,0
CUST001838,Clinton Fritz,DE,2024-07-26,0
CUST001839,Alvin Wilson,FR,2024-05-15,0
CUST001840,Kevin Cannon,US,2023-09-10,0
CUST001841,Craig Thompson,SA,2026-01-03,0
CUST001842,Gina Spencer,US,2024-01-23,0
CUST001843,Ryan Lozano,AE,2023-08-18,0
CUST001844,Jamie Cobb,IN,2023-11-16,0
CUST001845,Elizabeth Allen,SA,2025-10-19,0
CUST001846,Teresa Rowland,NL,2026-04-26,0
CUST001847,Sherry Jones,GB,2023-12-20,0
CUST001848,Rebecca Lee,IN,2024-08-11,0
CUST001849,Kyle Rowland,DE,2024-03-30,0
CUST001850,Luis Lopez,NL,2025-01-16,0
CUST001851,,DE,2025-10-05,0
CUST001852,Sarah Schmitt,GB,2026-01-04,0
CUST001853,Brad Ruiz,PK,2025-05-25,0
CUST001854,Jordan Potter,GB,2025-05-06,0
CUST001855,Kathleen Marshall,PK,2024-06-15,0
CUST001856,Michael Baldwin,AE,2024-12-06,0
CUST001857,James Morse,SA,2025-03-06,0
CUST001858,Daniel Harris,PK,2025-12-12,0
CUST001859,Eric Oneal,PK,2025-02-21,0
CUST001860,Jacqueline Pierce,US,2023-12-10,0
CUST001861,Jeremy Bell,NL,2025-03-06,0
CUST001862,Marc Simmons,AE,2024-11-09,0
CUST001863,Robert Stewart,GB,2024-08-15,0
CUST001864,David Brewer,PK,2024-07-23,1
CUST001865,Ryan Hunt,US,2025-05-05,0
CUST001866,Tammy Garcia,AE,2023-10-07,0
CUST001867,Curtis Gonzalez,GB,2024-06-23,0
CUST001868,Robert Sutton,US,2024-04-29,0
CUST001869,Yolanda Murillo,SA,2025-08-22,0
CUST001870,Susan Smith,US,2024-05-24,0
CUST001871,Rachel Powell,IN,2024-09-08,0
CUST001872,Mary Kennedy,DE,2024-12-24,0
CUST001873,Brittany Sanders,CN,2024-03-12,0
CUST001874,Kara Black,FR,2025-09-25,0
CUST001875,Miranda Murray,AE,2025-10-01,0
CUST001876,Cole Carrillo,CN,2025-06-29,0
CUST001877,Jerry Hansen,DE,2024-08-07,0
CUST001878,Bethany Harding,IN,2023-08-06,0
CUST001879,Sandra Morgan,PK,2024-09-21,0
CUST001880,,US,2025-01-18,0
CUST001881,Alexander Floyd,SA,2026-02-09,0
CUST001882,Troy Rivera,GB,2025-04-21,0
CUST001883,Lisa Camacho,CN,2026-04-09,0
CUST001884,James Ferguson,US,2024-02-02,0
CUST001885,Keith Hayes,DE,2026-01-13,0
CUST001886,Brian Tran,AE,2023-08-29,0
CUST001887,Katherine Lopez,PK,2023-10-05,0
CUST001888,Diane Hall,GB,2025-05-21,0
CUST001889,Anthony Stone,AE,2024-01-16,1
CUST001890,Jennifer Moore,FR,2023-11-16,0
CUST001891,Karen Jones,US,2026-03-14,0
CUST001892,Beverly Harris,PK,2024-10-04,0
CUST001893,,GB,2026-02-26,0
CUST001894,Kathryn Cohen,GB,2024-04-30,0
CUST001895,Charles Brown,IN,2024-09-01,0
CUST001896,Kelly Kent,AE,2025-12-28,0
CUST001897,Kenneth Mclaughlin,US,2024-05-12,0
CUST001898,Joyce Graves,FR,2025-07-12,0
CUST001899,Louis Patrick,NL,2024-01-20,0
CUST001900,Steven Quinn,IN,2024-10-30,0
CUST001901,Catherine Carroll,NL,2024-08-26,0
CUST001902,Cynthia Harrell,IN,2024-04-28,0
CUST001903,Dorothy Hendricks,GB,2025-06-29,0
CUST001904,Claudia Snyder,PK,2026-04-21,0
CUST001905,Whitney Jones,GB,2023-11-10,0
CUST001906,Erika Hayes,SA,2024-04-07,1
CUST001907,Julia Jones,SA,2025-06-25,0
CUST001908,Jane Reese,GB,2025-12-04,0
CUST001909,Adam Wilson,FR,2026-02-04,0
CUST001910,Paul Washington,GB,2023-10-04,0
CUST001911,Dana Dodson,IN,2023-12-16,0
CUST001912,Sarah Jackson,NL,2023-08-15,1
CUST001913,Edward Nichols,US,2024-08-24,0
CUST001914,Phillip Byrd,FR,2023-12-29,0
CUST001915,,CN,2025-06-06,0
CUST001916,Michael Copeland,SA,2025-10-21,0
CUST001917,Michelle Prince,DE,2024-08-23,0
CUST001918,Anthony Smith,FR,2025-09-12,0
CUST001919,Tanya Brooks,SA,2024-03-23,0
CUST001920,Javier Hays,DE,2024-07-01,0
CUST001921,Michael Walker,NL,2025-12-31,0
CUST001922,Sandra Jackson,CN,2024-01-12,0
CUST001923,Brian Murphy,SA,2025-02-12,0
CUST001924,Daniel Weaver,GB,2026-02-26,0
CUST001925,Daniel Kelly,IN,2024-01-18,0
CUST001926,Eugene Price,GB,2024-10-31,0
CUST001927,Robert Santos,IN,2024-08-02,0
CUST001928,Daniel Turner,FR,2025-03-21,0
CUST001929,Mrs. Kimberly Mooney,PK,2025-11-29,0
CUST001930,Tyler Greene,CN,2026-04-10,0
CUST001931,Megan Compton,NL,2025-06-24,0
CUST001932,Mark Henson,US,2024-06-11,0
CUST001933,Karen Rogers,SA,2025-03-31,0
CUST001934,Janet Davidson,IN,2024-03-17,0
CUST001935,Virginia Hall,US,2025-04-08,0
CUST001936,Ellen Rojas,PK,2025-08-27,0
CUST001937,Amy Brooks,NL,2024-05-21,0
CUST001938,Dan Johnson,CN,2026-02-10,0
CUST001939,,US,2024-06-22,0
CUST001940,Mason Hodges,SA,2025-01-01,0
CUST001941,Maria Roberts,CN,2023-08-20,0
CUST001942,Erin Allen,IN,2025-01-20,0
CUST001943,Mary Wright,FR,2025-06-18,0
CUST001944,Lisa James,DE,2024-06-15,0
CUST001945,Aaron Kane,FR,2023-10-06,0
CUST001946,Mark Thomas,SA,2024-02-18,0
CUST001947,Kevin Guerra,FR,2026-02-19,0
CUST001948,Blake Hardy,US,2024-06-05,0
CUST001949,Danielle Thompson,DE,2024-04-03,0
CUST001950,,FR,2024-04-26,0
CUST001951,Angela Kaufman,AE,2024-08-31,0
CUST001952,Jeremy Wagner,FR,2025-08-05,0
CUST001953,Sally Leon,PK,2023-08-16,0
CUST001954,Scott Blake,IN,2026-02-09,1
CUST001955,Brittany Barber,NL,2024-04-11,0
CUST001956,Jesse Brooks,SA,2025-03-28,0
CUST001957,Chad Harrison,US,2023-12-30,0
CUST001958,Adam Mason,NL,2025-07-26,0
CUST001959,Timothy Bentley DVM,DE,2024-08-06,0
CUST001960,Martin Chapman MD,US,2023-09-05,0
CUST001961,Janice Cunningham,PK,2024-02-08,0
CUST001962,David Gentry,SA,2025-07-23,0
CUST001963,Katherine Barker,IN,2025-06-27,0
CUST001964,Tammy Fitzgerald,SA,2024-03-27,0
CUST001965,Robert Mccoy,GB,2025-06-07,0
CUST001966,Maria Green,PK,2024-10-28,0
CUST001967,Dawn Guzman,PK,2026-03-11,0
CUST001968,Alexandria Wise,NL,2025-05-06,0
CUST001969,Jennifer Willis,IN,2026-01-19,0
CUST001970,Chelsea Henderson,GB,2025-11-08,0
CUST001971,Eric Ponce,GB,2025-05-20,0
CUST001972,Eric Jenkins,GB,2025-12-25,0
CUST001973,Ann Fields,SA,2025-09-16,0
CUST001974,Charles Goodman,FR,2026-02-17,0
CUST001975,Eric Benitez,NL,2025-10-26,0
CUST001976,Benjamin Horton,SA,2025-01-06,0
CUST001977,Morgan Jackson,DE,2024-08-07,0
CUST001978,Christina White,FR,2026-03-08,0
CUST001979,Robert Lopez,IN,2023-09-25,0
CUST001980,Peter Green,GB,2026-01-20,0
CUST001981,Mark Weber,CN,2025-12-17,0
CUST001982,Edward Gray,CN,2024-05-01,0
CUST001983,Kevin Woods,CN,2025-06-03,0
CUST001984,Antonio Walton,DE,2023-08-04,0
CUST001985,Victoria Davis,AE,2025-01-03,0
CUST001986,Larry Hatfield,GB,2025-08-31,0
CUST001987,Kara Rogers,GB,2024-10-02,0
CUST001988,Steve Key,FR,2025-10-26,0
CUST001989,Mary Gray,FR,2023-09-23,0
CUST001990,Gary Garcia,SA,2024-10-29,0
CUST001991,Molly Barron,NL,2023-12-14,0
CUST001992,Sheila Ramirez,CN,2025-06-30,0
CUST001993,Isabella Montgomery,NL,2025-05-20,0
CUST001994,Jason Lopez,CN,2026-04-15,0
CUST001995,Robin Smith,NL,2024-07-24,0
CUST001996,Robert Nguyen,PK,2024-10-16,1
CUST001997,Jennifer Salazar,GB,2023-10-17,0
CUST001998,Timothy Galvan,AE,2026-04-15,0
CUST001999,Susan Navarro,PK,2024-05-18,0
CUST000674,Jonathan Winters,US,2024-01-24,0
CUST001699,Brian Bishop,IN,2025-09-21,0
CUST001282,Joel Jackson,FR,2025-09-07,0
CUST001315,Dr. Julie Miller,NL,2026-01-08,0
CUST001210,Richard Pace,GB,2025-06-27,0
CUST001636,Valerie Fox,SA,2025-02-21,0
CUST000613,Daniel Clark,CN,2023-09-25,0
CUST000447,Abigail Pierce,AE,2026-02-16,0
CUST001131,Christopher Morales,SA,2024-07-01,0
CUST000808,Katie Bruce,CN,2025-11-19,0
CUST001496,Stacy Harper,CN,2025-09-03,0
CUST001468,Donna Shaffer,US,2026-03-30,0
CUST001682,Steven Butler,US,2024-11-15,0
CUST001149,Alexandra Waters,FR,2024-08-15,0
CUST000442,Hannah Ramos,GB,2024-04-10,0
CUST001813,Robert Harding,SA,2025-09-15,0
CUST000654,Katie Fuller,PK,2024-12-13,0
CUST001264,John Williams,DE,2025-01-01,0
CUST000858,Jason Williams,GB,2024-04-16,0
CUST001482,Laura Bruce,AE,2024-01-07,0
